lead,time,nao_index,valid_time
0,2025-10-16,-0.8174286217308121,2025-10-16
0,2025-10-17,-1.1504886861435233,2025-10-17
0,2025-10-18,-1.4364271785257112,2025-10-18
0,2025-10-19,-1.5164391965802393,2025-10-19
0,2025-10-20,-1.3040531978088021,2025-10-20
0,2025-10-21,-1.1991228287078108,2025-10-21
0,2025-10-22,-1.240629505500171,2025-10-22
0,2025-10-23,-1.4984556441221821,2025-10-23
0,2025-10-24,-1.7080210707372028,2025-10-24
0,2025-10-25,-1.5237016824820127,2025-10-25
0,2025-10-26,-1.3292599792039075,2025-10-26
0,2025-10-27,-1.4973185285263897,2025-10-27
0,2025-10-28,-1.743850602840697,2025-10-28
0,2025-10-29,-1.634077399264007,2025-10-29
0,2025-10-30,-1.4035098387296236,2025-10-30
0,2025-10-31,-1.3208363988748544,2025-10-31
0,2025-11-01,-1.0075829330010222,2025-11-01
0,2025-11-02,-0.30281309926099853,2025-11-02
0,2025-11-03,0.36869322887346495,2025-11-03
0,2025-11-04,0.41719800327993,2025-11-04
0,2025-11-05,0.22712132979607005,2025-11-05
0,2025-11-06,0.02484863720180836,2025-11-06
0,2025-11-07,-0.5659576414458564,2025-11-07
0,2025-11-08,-1.014218522597419,2025-11-08
0,2025-11-09,-1.244466606738703,2025-11-09
0,2025-11-10,-1.4089014574160703,2025-11-10
0,2025-11-11,-1.5059766259543745,2025-11-11
0,2025-11-12,-1.2713175112934039,2025-11-12
0,2025-11-13,-1.0245839781483181,2025-11-13
0,2025-11-14,-1.1248181019557622,2025-11-14
0,2025-11-15,-1.3141143590526765,2025-11-15
0,2025-11-16,-1.4925652216358958,2025-11-16
0,2025-11-17,-1.7329329939361793,2025-11-17
0,2025-11-18,-1.557082572501143,2025-11-18
0,2025-11-19,-0.9327554569357983,2025-11-19
0,2025-11-20,-0.4963303818063854,2025-11-20
0,2025-11-21,-0.3244922772437333,2025-11-21
0,2025-11-22,-0.3106176669531518,2025-11-22
0,2025-11-23,-0.26856952977645115,2025-11-23
0,2025-11-24,-0.48027712667204825,2025-11-24
0,2025-11-25,-0.24026896033952821,2025-11-25
0,2025-11-26,0.15406271039514166,2025-11-26
0,2025-11-27,0.4146752119608212,2025-11-27
0,2025-11-28,0.6856996555751136,2025-11-28
0,2025-11-29,0.8090790356064925,2025-11-29
0,2025-11-30,1.146857090598842,2025-11-30
0,2025-12-01,-0.0039119774604071175,2025-12-01
0,2025-12-02,-0.4955027289334222,2025-12-02
0,2025-12-03,-0.7155539995081639,2025-12-03
0,2025-12-04,-0.9032820760788427,2025-12-04
0,2025-12-05,-1.1589761986654978,2025-12-05
0,2025-12-06,-1.238862682126757,2025-12-06
0,2025-12-07,-1.3322161194905209,2025-12-07
0,2025-12-08,-1.2182888461079597,2025-12-08
0,2025-12-09,-0.8987817630392595,2025-12-09
0,2025-12-10,-0.49823956483638887,2025-12-10
0,2025-12-11,-0.06693697416713752,2025-12-11
0,2025-12-12,-0.38365688763600114,2025-12-12
0,2025-12-13,-0.22747957860011855,2025-12-13
0,2025-12-14,0.457695268492149,2025-12-14
0,2025-12-15,0.6621201360044207,2025-12-15
0,2025-12-16,0.4804897921039845,2025-12-16
0,2025-12-17,0.6660036727732954,2025-12-17
0,2025-12-18,0.6236199128399061,2025-12-18
0,2025-12-19,0.5718876800796642,2025-12-19
0,2025-12-20,0.35014655993452154,2025-12-20
0,2025-12-21,-0.32910407228387,2025-12-21
0,2025-12-22,-0.3607587666090149,2025-12-22
0,2025-12-23,-0.30010618602545386,2025-12-23
0,2025-12-24,-0.5280420285567455,2025-12-24
0,2025-12-25,-0.6996670372737267,2025-12-25
0,2025-12-26,-1.0025646195718687,2025-12-26
0,2025-12-27,-1.182524584179686,2025-12-27
0,2025-12-28,-1.2966601536639517,2025-12-28
0,2025-12-29,-1.295526323707886,2025-12-29
0,2025-12-30,-1.3830967699735588,2025-12-30
0,2025-12-31,-1.3964512781200193,2025-12-31
0,2026-01-01,-1.0549293926615841,2026-01-01
0,2026-01-02,-1.0702590487693515,2026-01-02
0,2026-01-03,-1.3308423098465485,2026-01-03
0,2026-01-04,-1.2064787761049236,2026-01-04
0,2026-01-05,-1.1112544658537207,2026-01-05
0,2026-01-06,-1.2353978819653575,2026-01-06
0,2026-01-07,-0.8453938310589943,2026-01-07
0,2026-01-08,-0.4599146285952209,2026-01-08
0,2026-01-09,-0.4885163557761882,2026-01-09
0,2026-01-10,-0.3116515631389171,2026-01-10
0,2026-01-11,-0.11553879830977908,2026-01-11
0,2026-01-12,0.24697127290707743,2026-01-12
0,2026-01-13,0.24026177117130276,2026-01-13
0,2026-01-14,0.340217055808299,2026-01-14
0,2026-01-15,0.27466151262810173,2026-01-15
0,2026-01-16,0.1576673486575095,2026-01-16
0,2026-01-17,0.12048757554252476,2026-01-17
0,2026-01-18,0.6745795918890469,2026-01-18
0,2026-01-19,0.7074396289345343,2026-01-19
0,2026-01-20,0.6245408042209606,2026-01-20
0,2026-01-21,0.6262704282442106,2026-01-21
0,2026-01-22,0.21309885873730333,2026-01-22
0,2026-01-23,-0.4233432798283912,2026-01-23
0,2026-01-24,-0.5448619512360013,2026-01-24
0,2026-01-25,-0.40316399672856335,2026-01-25
0,2026-01-26,-0.36590497311839915,2026-01-26
0,2026-01-27,-0.20849183063212443,2026-01-27
0,2026-01-28,-0.4175466595943627,2026-01-28
0,2026-01-29,-0.7417296806275885,2026-01-29
0,2026-01-30,-0.7084616272264903,2026-01-30
0,2026-01-31,-0.47374657996473524,2026-01-31
0,2026-02-01,-0.14765062868641424,2026-02-01
0,2026-02-02,-0.12362539168644414,2026-02-02
0,2026-02-03,0.0011493880638122015,2026-02-03
0,2026-02-04,-0.050084276352421624,2026-02-04
0,2026-02-05,-0.24332930795621863,2026-02-05
0,2026-02-06,-0.3354742648822775,2026-02-06
0,2026-02-07,-0.6232953608919923,2026-02-07
0,2026-02-08,-0.7894438082091433,2026-02-08
0,2026-02-09,-0.5692677604675641,2026-02-09
0,2026-02-10,-0.5044642968451623,2026-02-10
0,2026-02-11,-0.515026354459246,2026-02-11
0,2026-02-12,-0.4294132790781473,2026-02-12
1,2025-10-16,-1.1852943969561227,2025-10-17
1,2025-10-17,-1.46041950461637,2025-10-18
1,2025-10-18,-1.5359974792286077,2025-10-19
1,2025-10-19,-1.3574317584551174,2025-10-20
1,2025-10-20,-1.2445899415048414,2025-10-21
1,2025-10-21,-1.2578952271314967,2025-10-22
1,2025-10-22,-1.507332362914937,2025-10-23
1,2025-10-23,-1.7144504563705285,2025-10-24
1,2025-10-24,-1.5342354744782578,2025-10-25
1,2025-10-25,-1.3748955123608226,2025-10-26
1,2025-10-26,-1.5265989773165294,2025-10-27
1,2025-10-27,-1.7496754102551593,2025-10-28
1,2025-10-28,-1.6533421427876491,2025-10-29
1,2025-10-29,-1.4125262968298349,2025-10-30
1,2025-10-30,-1.344970954402517,2025-10-31
1,2025-10-31,-1.008891695030122,2025-11-01
1,2025-11-01,-0.3212780119171618,2025-11-02
1,2025-11-02,0.366112783215964,2025-11-03
1,2025-11-03,0.3948744593998666,2025-11-04
1,2025-11-04,0.20591674900296897,2025-11-05
1,2025-11-05,0.022358440536902755,2025-11-06
1,2025-11-06,-0.5772265615697842,2025-11-07
1,2025-11-07,-1.0161683794446805,2025-11-08
1,2025-11-08,-1.2765568361192419,2025-11-09
1,2025-11-09,-1.4210555053808445,2025-11-10
1,2025-11-10,-1.5367286416841164,2025-11-11
1,2025-11-11,-1.283335009765646,2025-11-12
1,2025-11-12,-1.0221728367263523,2025-11-13
1,2025-11-13,-1.1254441058362517,2025-11-14
1,2025-11-14,-1.3176055794435675,2025-11-15
1,2025-11-15,-1.5161425291502675,2025-11-16
1,2025-11-16,-1.7553500702541396,2025-11-17
1,2025-11-17,-1.5721124226244403,2025-11-18
1,2025-11-18,-0.9282589786289507,2025-11-19
1,2025-11-19,-0.4880640647190597,2025-11-20
1,2025-11-20,-0.3462863073067437,2025-11-21
1,2025-11-21,-0.32568887660550805,2025-11-22
1,2025-11-22,-0.3016986522842157,2025-11-23
1,2025-11-23,-0.4871186446255315,2025-11-24
1,2025-11-24,-0.2658376967423403,2025-11-25
1,2025-11-25,0.1417366308353744,2025-11-26
1,2025-11-26,0.407691244910939,2025-11-27
1,2025-11-27,0.6866840745538992,2025-11-28
1,2025-11-28,0.792677632189802,2025-11-29
1,2025-11-29,1.1206853340758716,2025-11-30
1,2025-11-30,-0.009134204217007164,2025-12-01
1,2025-12-01,-0.5029364489664306,2025-12-02
1,2025-12-02,-0.7507125325587233,2025-12-03
1,2025-12-03,-0.8791984402882171,2025-12-04
1,2025-12-04,-1.1962350757032199,2025-12-05
1,2025-12-05,-1.2345355060570369,2025-12-06
1,2025-12-06,-1.3557202472267313,2025-12-07
1,2025-12-07,-1.206008833280329,2025-12-08
1,2025-12-08,-0.9089016962150142,2025-12-09
1,2025-12-09,-0.524790509822767,2025-12-10
1,2025-12-10,-0.05630711018874494,2025-12-11
1,2025-12-11,-0.34209020839009496,2025-12-12
1,2025-12-12,-0.21499817934579402,2025-12-13
1,2025-12-13,0.460790350211908,2025-12-14
1,2025-12-14,0.6658988046301719,2025-12-15
1,2025-12-15,0.45754177426785086,2025-12-16
1,2025-12-16,0.6571850128934316,2025-12-17
1,2025-12-17,0.6506664555184827,2025-12-18
1,2025-12-18,0.5758989201104188,2025-12-19
1,2025-12-19,0.35617801332050564,2025-12-20
1,2025-12-20,-0.32658811222532125,2025-12-21
1,2025-12-21,-0.3441096271821453,2025-12-22
1,2025-12-22,-0.29742500011053385,2025-12-23
1,2025-12-23,-0.5478088820287486,2025-12-24
1,2025-12-24,-0.7076906583787571,2025-12-25
1,2025-12-25,-0.9931371445695004,2025-12-26
1,2025-12-26,-1.1808493607116881,2025-12-27
1,2025-12-27,-1.3002446427115475,2025-12-28
1,2025-12-28,-1.312079079524176,2025-12-29
1,2025-12-29,-1.3898010345851177,2025-12-30
1,2025-12-30,-1.4059070304045094,2025-12-31
1,2025-12-31,-1.0619271201348361,2026-01-01
1,2026-01-01,-1.0877763465346417,2026-01-02
1,2026-01-02,-1.344402534526684,2026-01-03
1,2026-01-03,-1.1907213669360173,2026-01-04
1,2026-01-04,-1.0890106670482886,2026-01-05
1,2026-01-05,-1.2171652944949467,2026-01-06
1,2026-01-06,-0.8562624448038472,2026-01-07
1,2026-01-07,-0.4357881712877472,2026-01-08
1,2026-01-08,-0.4742862003230638,2026-01-09
1,2026-01-09,-0.31735711614961515,2026-01-10
1,2026-01-10,-0.10640335904538877,2026-01-11
1,2026-01-11,0.24044672408848372,2026-01-12
1,2026-01-12,0.25988638918890233,2026-01-13
1,2026-01-13,0.3701702513562031,2026-01-14
1,2026-01-14,0.26607529086639004,2026-01-15
1,2026-01-15,0.1768553504486681,2026-01-16
1,2026-01-16,0.11833599298211825,2026-01-17
1,2026-01-17,0.6625850216074577,2026-01-18
1,2026-01-18,0.7517991484040683,2026-01-19
1,2026-01-19,0.6161447109122987,2026-01-20
1,2026-01-20,0.6457132304587072,2026-01-21
1,2026-01-21,0.2148281456016339,2026-01-22
1,2026-01-22,-0.4004848375718288,2026-01-23
1,2026-01-23,-0.5601882496233171,2026-01-24
1,2026-01-24,-0.42168331415322347,2026-01-25
1,2026-01-25,-0.3767406535859908,2026-01-26
1,2026-01-26,-0.2218882225988197,2026-01-27
1,2026-01-27,-0.43545275979586,2026-01-28
1,2026-01-28,-0.7655965945435012,2026-01-29
1,2026-01-29,-0.7176440834740363,2026-01-30
1,2026-01-30,-0.4815111556796064,2026-01-31
1,2026-01-31,-0.15274714495933217,2026-02-01
1,2026-02-01,-0.14176576159120563,2026-02-02
1,2026-02-02,-0.02477364250257596,2026-02-03
1,2026-02-03,-0.049730729673057125,2026-02-04
1,2026-02-04,-0.2534511253075013,2026-02-05
1,2026-02-05,-0.35382997369415853,2026-02-06
1,2026-02-06,-0.6172848853323905,2026-02-07
1,2026-02-07,-0.8119981183783138,2026-02-08
1,2026-02-08,-0.5751904616246655,2026-02-09
1,2026-02-09,-0.4912643438322919,2026-02-10
1,2026-02-10,-0.5198558560127315,2026-02-11
1,2026-02-11,-0.4445028126214566,2026-02-12
1,2026-02-12,-0.16101849863711162,2026-02-13
2,2025-10-16,-1.5360899138612967,2025-10-18
2,2025-10-17,-1.4656333440678995,2025-10-19
2,2025-10-18,-1.374253331108429,2025-10-20
2,2025-10-19,-1.2538118188225678,2025-10-21
2,2025-10-20,-1.3180882939916934,2025-10-22
2,2025-10-21,-1.5508843492792082,2025-10-23
2,2025-10-22,-1.6853227291221307,2025-10-24
2,2025-10-23,-1.5554211992791191,2025-10-25
2,2025-10-24,-1.398969053685646,2025-10-26
2,2025-10-25,-1.5789567361964472,2025-10-27
2,2025-10-26,-1.801319611852703,2025-10-28
2,2025-10-27,-1.6327806677079997,2025-10-29
2,2025-10-28,-1.3646150474153331,2025-10-30
2,2025-10-29,-1.3465663143052833,2025-10-31
2,2025-10-30,-1.0057851283168515,2025-11-01
2,2025-10-31,-0.3100592673824532,2025-11-02
2,2025-11-01,0.32565097793755704,2025-11-03
2,2025-11-02,0.456085642007118,2025-11-04
2,2025-11-03,0.19973693774029916,2025-11-05
2,2025-11-04,0.028031498221061893,2025-11-06
2,2025-11-05,-0.5636108829533052,2025-11-07
2,2025-11-06,-1.0161690012351394,2025-11-08
2,2025-11-07,-1.2668926406336887,2025-11-09
2,2025-11-08,-1.4318033428556824,2025-11-10
2,2025-11-09,-1.5370846223771648,2025-11-11
2,2025-11-10,-1.2963604311783214,2025-11-12
2,2025-11-11,-1.0572835192263774,2025-11-13
2,2025-11-12,-1.1548411431541783,2025-11-14
2,2025-11-13,-1.3367869034861568,2025-11-15
2,2025-11-14,-1.537959396171194,2025-11-16
2,2025-11-15,-1.8095809489156898,2025-11-17
2,2025-11-16,-1.5588865047659228,2025-11-18
2,2025-11-17,-0.9084580288291109,2025-11-19
2,2025-11-18,-0.4766798636150211,2025-11-20
2,2025-11-19,-0.3534377192294376,2025-11-21
2,2025-11-20,-0.33175995785784884,2025-11-22
2,2025-11-21,-0.3108769471494957,2025-11-23
2,2025-11-22,-0.5258137476973779,2025-11-24
2,2025-11-23,-0.2708276974888759,2025-11-25
2,2025-11-24,0.08459384185214604,2025-11-26
2,2025-11-25,0.3779930004618627,2025-11-27
2,2025-11-26,0.6612469506854056,2025-11-28
2,2025-11-27,0.7881800383820162,2025-11-29
2,2025-11-28,1.0975433171290643,2025-11-30
2,2025-11-29,-0.011812642848434824,2025-12-01
2,2025-11-30,-0.5342975219289738,2025-12-02
2,2025-12-01,-0.7953224774927093,2025-12-03
2,2025-12-02,-0.8593636186837629,2025-12-04
2,2025-12-03,-1.1625548906120866,2025-12-05
2,2025-12-04,-1.2328430134181112,2025-12-06
2,2025-12-05,-1.3678953375418108,2025-12-07
2,2025-12-06,-1.210366618078581,2025-12-08
2,2025-12-07,-0.8213031435119635,2025-12-09
2,2025-12-08,-0.5184632392467261,2025-12-10
2,2025-12-09,-0.12199215770832723,2025-12-11
2,2025-12-10,-0.3622972412050848,2025-12-12
2,2025-12-11,-0.20105103851167572,2025-12-13
2,2025-12-12,0.49908278782554477,2025-12-14
2,2025-12-13,0.5980872938920709,2025-12-15
2,2025-12-14,0.42495847612309057,2025-12-16
2,2025-12-15,0.6078857117586371,2025-12-17
2,2025-12-16,0.6378700999435534,2025-12-18
2,2025-12-17,0.5992141025860276,2025-12-19
2,2025-12-18,0.37403917233491807,2025-12-20
2,2025-12-19,-0.34818918904211965,2025-12-21
2,2025-12-20,-0.37362806378239494,2025-12-22
2,2025-12-21,-0.28977265426455884,2025-12-23
2,2025-12-22,-0.5385482043707982,2025-12-24
2,2025-12-23,-0.7558915757646433,2025-12-25
2,2025-12-24,-0.989982277976247,2025-12-26
2,2025-12-25,-1.2514221397882654,2025-12-27
2,2025-12-26,-1.3071855044269831,2025-12-28
2,2025-12-27,-1.2778108720004837,2025-12-29
2,2025-12-28,-1.4061656757401018,2025-12-30
2,2025-12-29,-1.4406237253984369,2025-12-31
2,2025-12-30,-1.0650897482816482,2026-01-01
2,2025-12-31,-1.0666992593043192,2026-01-02
2,2026-01-01,-1.3789370636151226,2026-01-03
2,2026-01-02,-1.209273550936435,2026-01-04
2,2026-01-03,-1.077848627060673,2026-01-05
2,2026-01-04,-1.206581743458039,2026-01-06
2,2026-01-05,-0.8339766431281617,2026-01-07
2,2026-01-06,-0.4730491404956473,2026-01-08
2,2026-01-07,-0.4389246007961304,2026-01-09
2,2026-01-08,-0.3385871860170458,2026-01-10
2,2026-01-09,-0.12904295329306317,2026-01-11
2,2026-01-10,0.25373211473506113,2026-01-12
2,2026-01-11,0.27375790738585126,2026-01-13
2,2026-01-12,0.36475572835382314,2026-01-14
2,2026-01-13,0.27747302292658965,2026-01-15
2,2026-01-14,0.15195122797340876,2026-01-16
2,2026-01-15,0.13878922018638484,2026-01-17
2,2026-01-16,0.6006395108841978,2026-01-18
2,2026-01-17,0.7330095942805516,2026-01-19
2,2026-01-18,0.6520435591741943,2026-01-20
2,2026-01-19,0.6178740916280742,2026-01-21
2,2026-01-20,0.2823772808601863,2026-01-22
2,2026-01-21,-0.4246062749512969,2026-01-23
2,2026-01-22,-0.5440695079889091,2026-01-24
2,2026-01-23,-0.4484722467281284,2026-01-25
2,2026-01-24,-0.40468825492357685,2026-01-26
2,2026-01-25,-0.24956259923095647,2026-01-27
2,2026-01-26,-0.4136267177205657,2026-01-28
2,2026-01-27,-0.7651781489929063,2026-01-29
2,2026-01-28,-0.7204459841162513,2026-01-30
2,2026-01-29,-0.4676858766406059,2026-01-31
2,2026-01-30,-0.17401364152918639,2026-02-01
2,2026-01-31,-0.15307651229438,2026-02-02
2,2026-02-01,-0.03235986940174587,2026-02-03
2,2026-02-02,-0.04388819341279864,2026-02-04
2,2026-02-03,-0.25543867567875367,2026-02-05
2,2026-02-04,-0.3611516028230877,2026-02-06
2,2026-02-05,-0.6147393817237886,2026-02-07
2,2026-02-06,-0.8036655872892485,2026-02-08
2,2026-02-07,-0.5439510803543732,2026-02-09
2,2026-02-08,-0.48947284221944937,2026-02-10
2,2026-02-09,-0.5006114604505291,2026-02-11
2,2026-02-10,-0.4101332840604768,2026-02-12
2,2026-02-11,-0.19231920470022773,2026-02-13
2,2026-02-12,0.21165822430713066,2026-02-14
3,2025-10-16,-1.5464368249673388,2025-10-19
3,2025-10-17,-1.1915421328550977,2025-10-20
3,2025-10-18,-1.2619933361329105,2025-10-21
3,2025-10-19,-1.2894523083404807,2025-10-22
3,2025-10-20,-1.6137580698062295,2025-10-23
3,2025-10-21,-1.7338575832104401,2025-10-24
3,2025-10-22,-1.4746996315720364,2025-10-25
3,2025-10-23,-1.3794489894483999,2025-10-26
3,2025-10-24,-1.6245688283500082,2025-10-27
3,2025-10-25,-1.8245298941231085,2025-10-28
3,2025-10-26,-1.7139321375187184,2025-10-29
3,2025-10-27,-1.3812372378741575,2025-10-30
3,2025-10-28,-1.3041210560830707,2025-10-31
3,2025-10-29,-1.0036851199017067,2025-11-01
3,2025-10-30,-0.31904915397556505,2025-11-02
3,2025-10-31,0.3051577477326428,2025-11-03
3,2025-11-01,0.4312759762031636,2025-11-04
3,2025-11-02,0.31486635670136015,2025-11-05
3,2025-11-03,0.021949415004173148,2025-11-06
3,2025-11-04,-0.45913530807387615,2025-11-07
3,2025-11-05,-0.9803977886513888,2025-11-08
3,2025-11-06,-1.2046157426496884,2025-11-09
3,2025-11-07,-1.40080420760759,2025-11-10
3,2025-11-08,-1.5743867368172677,2025-11-11
3,2025-11-09,-1.3154378241452471,2025-11-12
3,2025-11-10,-1.0900447681588317,2025-11-13
3,2025-11-11,-1.1615546135336812,2025-11-14
3,2025-11-12,-1.383917486478664,2025-11-15
3,2025-11-13,-1.5052085454704065,2025-11-16
3,2025-11-14,-1.8347960298432024,2025-11-17
3,2025-11-15,-1.6916505553876957,2025-11-18
3,2025-11-16,-0.8970799948316479,2025-11-19
3,2025-11-17,-0.4862630730179521,2025-11-20
3,2025-11-18,-0.34449487710416393,2025-11-21
3,2025-11-19,-0.3670376056282543,2025-11-22
3,2025-11-20,-0.2580617087895595,2025-11-23
3,2025-11-21,-0.5194424696471786,2025-11-24
3,2025-11-22,-0.4660809324807619,2025-11-25
3,2025-11-23,0.12096600984357798,2025-11-26
3,2025-11-24,0.24735793968172612,2025-11-27
3,2025-11-25,0.5311461969006772,2025-11-28
3,2025-11-26,0.7354670439950622,2025-11-29
3,2025-11-27,1.023680733378203,2025-11-30
3,2025-11-28,-0.004888669947577134,2025-12-01
3,2025-11-29,-0.48294894785149917,2025-12-02
3,2025-11-30,-0.7312212396732577,2025-12-03
3,2025-12-01,-1.0001761703400047,2025-12-04
3,2025-12-02,-1.0956615822581155,2025-12-05
3,2025-12-03,-1.2379740624498223,2025-12-06
3,2025-12-04,-1.37759788826366,2025-12-07
3,2025-12-05,-1.2791349259205353,2025-12-08
3,2025-12-06,-0.8745743260810144,2025-12-09
3,2025-12-07,-0.5567305899821324,2025-12-10
3,2025-12-08,-0.1784587796593481,2025-12-11
3,2025-12-09,-0.5363733585886838,2025-12-12
3,2025-12-10,-0.2438362883643179,2025-12-13
3,2025-12-11,0.4040049628729116,2025-12-14
3,2025-12-12,0.6433414034633884,2025-12-15
3,2025-12-13,0.4485394552413058,2025-12-16
3,2025-12-14,0.6053023550022995,2025-12-17
3,2025-12-15,0.5515146178643936,2025-12-18
3,2025-12-16,0.5293252894985767,2025-12-19
3,2025-12-17,0.3872858907026093,2025-12-20
3,2025-12-18,-0.3596117698787656,2025-12-21
3,2025-12-19,-0.45758653576565733,2025-12-22
3,2025-12-20,-0.3114468748942345,2025-12-23
3,2025-12-21,-0.4265376578497419,2025-12-24
3,2025-12-22,-0.7680695157697928,2025-12-25
3,2025-12-23,-1.0082400092271429,2025-12-26
3,2025-12-24,-1.352169346628372,2025-12-27
3,2025-12-25,-1.3394741321902792,2025-12-28
3,2025-12-26,-1.290805949836898,2025-12-29
3,2025-12-27,-1.4138468329171876,2025-12-30
3,2025-12-28,-1.4526443775213915,2025-12-31
3,2025-12-29,-1.2024721859642131,2026-01-01
3,2025-12-30,-1.0109330179183933,2026-01-02
3,2025-12-31,-1.3711018109041304,2026-01-03
3,2026-01-01,-1.1516972082965125,2026-01-04
3,2026-01-02,-1.1068226554808014,2026-01-05
3,2026-01-03,-1.2586896777783514,2026-01-06
3,2026-01-04,-0.8816401177350088,2026-01-07
3,2026-01-05,-0.44654276277031285,2026-01-08
3,2026-01-06,-0.5365762270954059,2026-01-09
3,2026-01-07,-0.3413574886707207,2026-01-10
3,2026-01-08,-0.23110570260348712,2026-01-11
3,2026-01-09,0.23998110310001836,2026-01-12
3,2026-01-10,0.3047994297360931,2026-01-13
3,2026-01-11,0.39688442797303924,2026-01-14
3,2026-01-12,0.3050586202721019,2026-01-15
3,2026-01-13,0.14689612418776213,2026-01-16
3,2026-01-14,0.09745522058301517,2026-01-17
3,2026-01-15,0.7026024595656148,2026-01-18
3,2026-01-16,0.6219720726971683,2026-01-19
3,2026-01-17,0.6735351518335269,2026-01-20
3,2026-01-18,0.673559524492505,2026-01-21
3,2026-01-19,0.18751950877868087,2026-01-22
3,2026-01-20,-0.37214645094530935,2026-01-23
3,2026-01-21,-0.5881378986824444,2026-01-24
3,2026-01-22,-0.4485962902683466,2026-01-25
3,2026-01-23,-0.43590239757201,2026-01-26
3,2026-01-24,-0.3669116696459575,2026-01-27
3,2026-01-25,-0.40115179501643333,2026-01-28
3,2026-01-26,-0.7994100429924315,2026-01-29
3,2026-01-27,-0.7030889021654977,2026-01-30
3,2026-01-28,-0.4383143343976304,2026-01-31
3,2026-01-29,-0.16596223105949345,2026-02-01
3,2026-01-30,-0.17868156524500228,2026-02-02
3,2026-01-31,-0.10162152320503062,2026-02-03
3,2026-02-01,-0.004617410486088315,2026-02-04
3,2026-02-02,-0.245801368338799,2026-02-05
3,2026-02-03,-0.30332219469509375,2026-02-06
3,2026-02-04,-0.5644331624394494,2026-02-07
3,2026-02-05,-0.7843976351759634,2026-02-08
3,2026-02-06,-0.6109805388167796,2026-02-09
3,2026-02-07,-0.4142013652588768,2026-02-10
3,2026-02-08,-0.48437042362943017,2026-02-11
3,2026-02-09,-0.3901652616382479,2026-02-12
3,2026-02-10,-0.1882231031138224,2026-02-13
3,2026-02-11,0.1518525330265354,2026-02-14
3,2026-02-12,0.5241685503394125,2026-02-15
4,2025-10-16,-1.2972558210573484,2025-10-20
4,2025-10-17,-1.1016878330108628,2025-10-21
4,2025-10-18,-1.2641890547732262,2025-10-22
4,2025-10-19,-1.5685722422041803,2025-10-23
4,2025-10-20,-1.7656516965824394,2025-10-24
4,2025-10-21,-1.531005627155343,2025-10-25
4,2025-10-22,-1.244013788495323,2025-10-26
4,2025-10-23,-1.5007839252960928,2025-10-27
4,2025-10-24,-1.7636820561695754,2025-10-28
4,2025-10-25,-1.6496235093197331,2025-10-29
4,2025-10-26,-1.3679300004149786,2025-10-30
4,2025-10-27,-1.429757554352413,2025-10-31
4,2025-10-28,-1.0058370850561245,2025-11-01
4,2025-10-29,-0.4477307063322971,2025-11-02
4,2025-10-30,0.2474082817643596,2025-11-03
4,2025-10-31,0.2515988604688345,2025-11-04
4,2025-11-01,0.4746239773504204,2025-11-05
4,2025-11-02,0.20223989366027423,2025-11-06
4,2025-11-03,-0.481712862863588,2025-11-07
4,2025-11-04,-0.8403911245300739,2025-11-08
4,2025-11-05,-1.2505448931190235,2025-11-09
4,2025-11-06,-1.344901506001265,2025-11-10
4,2025-11-07,-1.5163988601425173,2025-11-11
4,2025-11-08,-1.4618415385896621,2025-11-12
4,2025-11-09,-1.1069113351947057,2025-11-13
4,2025-11-10,-1.1619117591839687,2025-11-14
4,2025-11-11,-1.4303467873438145,2025-11-15
4,2025-11-12,-1.488844557275277,2025-11-16
4,2025-11-13,-1.699737243734992,2025-11-17
4,2025-11-14,-1.691746623119972,2025-11-18
4,2025-11-15,-1.0974677729296287,2025-11-19
4,2025-11-16,-0.34515489029685975,2025-11-20
4,2025-11-17,-0.2792656475494198,2025-11-21
4,2025-11-18,-0.4404376081811464,2025-11-22
4,2025-11-19,-0.2593454292001128,2025-11-23
4,2025-11-20,-0.4324278224384609,2025-11-24
4,2025-11-21,-0.4251495042388312,2025-11-25
4,2025-11-22,-0.17233252114213968,2025-11-26
4,2025-11-23,0.413688456922662,2025-11-27
4,2025-11-24,0.5362228593583706,2025-11-28
4,2025-11-25,0.5284257449833082,2025-11-29
4,2025-11-26,0.8035180247290781,2025-11-30
4,2025-11-27,0.005764092345654862,2025-12-01
4,2025-11-28,-0.46186631409836754,2025-12-02
4,2025-11-29,-0.73382731310304,2025-12-03
4,2025-11-30,-0.8466876836699101,2025-12-04
4,2025-12-01,-1.1964841610776094,2025-12-05
4,2025-12-02,-1.1687458628851104,2025-12-06
4,2025-12-03,-1.2975381855748398,2025-12-07
4,2025-12-04,-1.3258535984499322,2025-12-08
4,2025-12-05,-0.8527104497117013,2025-12-09
4,2025-12-06,-0.5691404310486903,2025-12-10
4,2025-12-07,-0.1843934093279457,2025-12-11
4,2025-12-08,-0.8209563907457398,2025-12-12
4,2025-12-09,-0.4672554063894871,2025-12-13
4,2025-12-10,0.46509692560113797,2025-12-14
4,2025-12-11,0.5051865266732875,2025-12-15
4,2025-12-12,0.5408223655966289,2025-12-16
4,2025-12-13,0.6783098501670776,2025-12-17
4,2025-12-14,0.53939154880997,2025-12-18
4,2025-12-15,0.5002145295609894,2025-12-19
4,2025-12-16,0.40311661256473835,2025-12-20
4,2025-12-17,-0.39330415825450366,2025-12-21
4,2025-12-18,-0.6196182548004417,2025-12-22
4,2025-12-19,-0.4457662756561529,2025-12-23
4,2025-12-20,-0.45718155478809497,2025-12-24
4,2025-12-21,-0.5415268541520291,2025-12-25
4,2025-12-22,-0.955440095825689,2025-12-26
4,2025-12-23,-1.289711299920359,2025-12-27
4,2025-12-24,-1.368410484335873,2025-12-28
4,2025-12-25,-1.2420542775002414,2025-12-29
4,2025-12-26,-1.4007564782996054,2025-12-30
4,2025-12-27,-1.415867046238763,2025-12-31
4,2025-12-28,-1.2203071303185877,2026-01-01
4,2025-12-29,-1.2253803530214282,2026-01-02
4,2025-12-30,-1.3094592298481986,2026-01-03
4,2025-12-31,-1.1751666089471653,2026-01-04
4,2026-01-01,-0.8194783837990376,2026-01-05
4,2026-01-02,-1.2896255685623577,2026-01-06
4,2026-01-03,-1.0468542733737027,2026-01-07
4,2026-01-04,-0.48749962416192116,2026-01-08
4,2026-01-05,-0.44538185606609154,2026-01-09
4,2026-01-06,-0.4286470821295626,2026-01-10
4,2026-01-07,-0.2453583568153472,2026-01-11
4,2026-01-08,0.1313422982294464,2026-01-12
4,2026-01-09,0.26120288182051066,2026-01-13
4,2026-01-10,0.4486549259858917,2026-01-14
4,2026-01-11,0.2855512266491408,2026-01-15
4,2026-01-12,0.22953400745950892,2026-01-16
4,2026-01-13,0.15721659742905045,2026-01-17
4,2026-01-14,0.5562251931782191,2026-01-18
4,2026-01-15,0.7771953631000487,2026-01-19
4,2026-01-16,0.4815341602732819,2026-01-20
4,2026-01-17,0.6593673641795078,2026-01-21
4,2026-01-18,0.24157101717697493,2026-01-22
4,2026-01-19,-0.4442568880460275,2026-01-23
4,2026-01-20,-0.5749336060435754,2026-01-24
4,2026-01-21,-0.5335311336378429,2026-01-25
4,2026-01-22,-0.44355545996126017,2026-01-26
4,2026-01-23,-0.3383757535386542,2026-01-27
4,2026-01-24,-0.5409845854934281,2026-01-28
4,2026-01-25,-0.6334493119665898,2026-01-29
4,2026-01-26,-0.7518951794188358,2026-01-30
4,2026-01-27,-0.37741007914244845,2026-01-31
4,2026-01-28,-0.1540321511271887,2026-02-01
4,2026-01-29,-0.13131852472404035,2026-02-02
4,2026-01-30,-0.08715242594801664,2026-02-03
4,2026-01-31,-0.03940464019559201,2026-02-04
4,2026-02-01,-0.16904449314341655,2026-02-05
4,2026-02-02,-0.3916725624384035,2026-02-06
4,2026-02-03,-0.5458278800385846,2026-02-07
4,2026-02-04,-0.7132977922006328,2026-02-08
4,2026-02-05,-0.6662475929572518,2026-02-09
4,2026-02-06,-0.6232983838057562,2026-02-10
4,2026-02-07,-0.42908778483242105,2026-02-11
4,2026-02-08,-0.34855472798793724,2026-02-12
4,2026-02-09,-0.08129173054575736,2026-02-13
4,2026-02-10,0.130862724733056,2026-02-14
4,2026-02-11,0.4642812095650339,2026-02-15
4,2026-02-12,0.6138606085515295,2026-02-16
5,2025-10-16,-1.2820724534855754,2025-10-21
5,2025-10-17,-0.990529096965152,2025-10-22
5,2025-10-18,-1.5124079117648193,2025-10-23
5,2025-10-19,-1.6235186588881692,2025-10-24
5,2025-10-20,-1.4874384552201534,2025-10-25
5,2025-10-21,-1.2954475933918301,2025-10-26
5,2025-10-22,-1.3567387947350398,2025-10-27
5,2025-10-23,-1.6419701645174047,2025-10-28
5,2025-10-24,-1.7633454036276348,2025-10-29
5,2025-10-25,-1.2529383745033043,2025-10-30
5,2025-10-26,-1.1061733103652196,2025-10-31
5,2025-10-27,-1.2266687023315863,2025-11-01
5,2025-10-28,-0.6030835413924512,2025-11-02
5,2025-10-29,0.2826303758532449,2025-11-03
5,2025-10-30,0.2800812817985615,2025-11-04
5,2025-10-31,0.044701119236967554,2025-11-05
5,2025-11-01,0.653895373592043,2025-11-06
5,2025-11-02,-0.1715432037627723,2025-11-07
5,2025-11-03,-0.8443357594415373,2025-11-08
5,2025-11-04,-1.0300986875835643,2025-11-09
5,2025-11-05,-1.392928509343488,2025-11-10
5,2025-11-06,-1.4492712028042027,2025-11-11
5,2025-11-07,-1.1206781131285437,2025-11-12
5,2025-11-08,-1.2538791696944154,2025-11-13
5,2025-11-09,-1.2167278727711694,2025-11-14
5,2025-11-10,-1.4518888216304429,2025-11-15
5,2025-11-11,-1.5913190924178986,2025-11-16
5,2025-11-12,-1.7478025029579758,2025-11-17
5,2025-11-13,-1.5090446794508214,2025-11-18
5,2025-11-14,-1.0799519067429413,2025-11-19
5,2025-11-15,-0.4501142142916139,2025-11-20
5,2025-11-16,0.14967198733497397,2025-11-21
5,2025-11-17,-0.3667467567766753,2025-11-22
5,2025-11-18,-0.44165292298284703,2025-11-23
5,2025-11-19,-0.25603603336372327,2025-11-24
5,2025-11-20,-0.27984876270419184,2025-11-25
5,2025-11-21,0.0737132884630041,2025-11-26
5,2025-11-22,-0.06236147404657685,2025-11-27
5,2025-11-23,0.521639752324502,2025-11-28
5,2025-11-24,0.5969740947716847,2025-11-29
5,2025-11-25,0.6175509462627684,2025-11-30
5,2025-11-26,-0.27835596401583723,2025-12-01
5,2025-11-27,-0.40951351035852046,2025-12-02
5,2025-11-28,-0.742858745718085,2025-12-03
5,2025-11-29,-0.7589705206272085,2025-12-04
5,2025-11-30,-0.9318835792001663,2025-12-05
5,2025-12-01,-1.2226796254160537,2025-12-06
5,2025-12-02,-1.1665738339865894,2025-12-07
5,2025-12-03,-1.1763255369316474,2025-12-08
5,2025-12-04,-1.0608069713251629,2025-12-09
5,2025-12-05,-0.6449655584295543,2025-12-10
5,2025-12-06,-0.32009736074798295,2025-12-11
5,2025-12-07,-0.49279563409767296,2025-12-12
5,2025-12-08,-1.0085410612591152,2025-12-13
5,2025-12-09,0.15205347526134402,2025-12-14
5,2025-12-10,0.563092492615789,2025-12-15
5,2025-12-11,0.39833413920877747,2025-12-16
5,2025-12-12,0.7547740247009254,2025-12-17
5,2025-12-13,0.6181780060530091,2025-12-18
5,2025-12-14,0.21692339332360375,2025-12-19
5,2025-12-15,0.580818943042839,2025-12-20
5,2025-12-16,-0.25036609602251114,2025-12-21
5,2025-12-17,-0.7364567224358844,2025-12-22
5,2025-12-18,-0.7038511510315749,2025-12-23
5,2025-12-19,-0.661446468530054,2025-12-24
5,2025-12-20,-0.655984524873131,2025-12-25
5,2025-12-21,-0.5871026797626151,2025-12-26
5,2025-12-22,-1.2616403185637008,2025-12-27
5,2025-12-23,-1.2993989654892466,2025-12-28
5,2025-12-24,-1.1813845386007167,2025-12-29
5,2025-12-25,-1.2684748564740351,2025-12-30
5,2025-12-26,-1.250117567298639,2025-12-31
5,2025-12-27,-1.0704687280348317,2026-01-01
5,2025-12-28,-1.1443580139619813,2026-01-02
5,2025-12-29,-1.4378076537680702,2026-01-03
5,2025-12-30,-1.1557277141452127,2026-01-04
5,2025-12-31,-0.7124300240083731,2026-01-05
5,2026-01-01,-0.8266388964504146,2026-01-06
5,2026-01-02,-1.1538260145817625,2026-01-07
5,2026-01-03,-0.7409065486214418,2026-01-08
5,2026-01-04,-0.3907064098024787,2026-01-09
5,2026-01-05,-0.30052088855584325,2026-01-10
5,2026-01-06,-0.34813694742644924,2026-01-11
5,2026-01-07,0.010021947082037365,2026-01-12
5,2026-01-08,0.09795476637493239,2026-01-13
5,2026-01-09,0.35763443774597853,2026-01-14
5,2026-01-10,0.2837400268986787,2026-01-15
5,2026-01-11,0.2551843908376328,2026-01-16
5,2026-01-12,0.279973991309568,2026-01-17
5,2026-01-13,0.45231726725483734,2026-01-18
5,2026-01-14,0.49694732012108334,2026-01-19
5,2026-01-15,0.5193161420169974,2026-01-20
5,2026-01-16,0.488069449956152,2026-01-21
5,2026-01-17,0.2529427582411992,2026-01-22
5,2026-01-18,-0.3466755957129848,2026-01-23
5,2026-01-19,-0.6268849948717553,2026-01-24
5,2026-01-20,-0.5196584630123499,2026-01-25
5,2026-01-21,-0.4101499916070614,2026-01-26
5,2026-01-22,-0.34213305469418764,2026-01-27
5,2026-01-23,-0.49217781883822687,2026-01-28
5,2026-01-24,-0.76279239259319,2026-01-29
5,2026-01-25,-0.5177095109426912,2026-01-30
5,2026-01-26,-0.5093738487134769,2026-01-31
5,2026-01-27,-0.024557772090495856,2026-02-01
5,2026-01-28,0.0047853306647178085,2026-02-02
5,2026-01-29,-0.1031798910669605,2026-02-03
5,2026-01-30,0.06949487640270646,2026-02-04
5,2026-01-31,-0.29006739836527357,2026-02-05
5,2026-02-01,-0.31534207116318047,2026-02-06
5,2026-02-02,-0.6530547177436695,2026-02-07
5,2026-02-03,-0.7764918579205424,2026-02-08
5,2026-02-04,-0.5660928367831771,2026-02-09
5,2026-02-05,-0.8239855837231151,2026-02-10
5,2026-02-06,-0.6946853006976105,2026-02-11
5,2026-02-07,-0.30916713788450184,2026-02-12
5,2026-02-08,-0.018622253322212085,2026-02-13
5,2026-02-09,0.3021431636790305,2026-02-14
5,2026-02-10,0.46907545703676823,2026-02-15
5,2026-02-11,0.6911941251882996,2026-02-16
5,2026-02-12,0.4162690151874526,2026-02-17
6,2025-10-16,-1.473271277255568,2025-10-22
6,2025-10-17,-1.0905880206436476,2025-10-23
6,2025-10-18,-1.601405729862768,2025-10-24
6,2025-10-19,-1.2994834824803865,2025-10-25
6,2025-10-20,-1.2492980112763432,2025-10-26
6,2025-10-21,-1.3516906438846832,2025-10-27
6,2025-10-22,-1.570820163462082,2025-10-28
6,2025-10-23,-1.6311121168128073,2025-10-29
6,2025-10-24,-2.0023962462478724,2025-10-30
6,2025-10-25,-0.9197046328364235,2025-10-31
6,2025-10-26,-1.0658606506413244,2025-11-01
6,2025-10-27,-0.661132462973425,2025-11-02
6,2025-10-28,0.25847056861030515,2025-11-03
6,2025-10-29,0.45778367807966436,2025-11-04
6,2025-10-30,0.12747109476838225,2025-11-05
6,2025-10-31,-0.051728363120740604,2025-11-06
6,2025-11-01,0.6067987838919899,2025-11-07
6,2025-11-02,-0.4556386689665219,2025-11-08
6,2025-11-03,-0.9464239724269574,2025-11-09
6,2025-11-04,-0.9932566428893854,2025-11-10
6,2025-11-05,-1.3746665372230336,2025-11-11
6,2025-11-06,-1.1464764063847783,2025-11-12
6,2025-11-07,-0.8520322425326926,2025-11-13
6,2025-11-08,-1.4436919441244431,2025-11-14
6,2025-11-09,-1.7522879115971925,2025-11-15
6,2025-11-10,-1.73010691244759,2025-11-16
6,2025-11-11,-1.805735819137742,2025-11-17
6,2025-11-12,-1.515921202402544,2025-11-18
6,2025-11-13,-0.8951373958151388,2025-11-19
6,2025-11-14,-0.5436758505680577,2025-11-20
6,2025-11-15,0.021015995371287403,2025-11-21
6,2025-11-16,0.2460110545773039,2025-11-22
6,2025-11-17,-0.292090567036715,2025-11-23
6,2025-11-18,-0.39791037349061326,2025-11-24
6,2025-11-19,0.07503198178851825,2025-11-25
6,2025-11-20,0.32353812925700187,2025-11-26
6,2025-11-21,0.24510187192731678,2025-11-27
6,2025-11-22,0.330929265972536,2025-11-28
6,2025-11-23,0.3671549379659319,2025-11-29
6,2025-11-24,0.7829088061041588,2025-11-30
6,2025-11-25,-0.5714116066574945,2025-12-01
6,2025-11-26,-0.513488957750297,2025-12-02
6,2025-11-27,-0.7619648522338396,2025-12-03
6,2025-11-28,-0.9405820446235337,2025-12-04
6,2025-11-29,-0.7250564004419396,2025-12-05
6,2025-11-30,-0.9070165023796861,2025-12-06
6,2025-12-01,-0.9995873121552125,2025-12-07
6,2025-12-02,-0.9670451604407861,2025-12-08
6,2025-12-03,-0.8406100279364748,2025-12-09
6,2025-12-04,-0.9142907338952001,2025-12-10
6,2025-12-05,-0.2071033243756946,2025-12-11
6,2025-12-06,-0.6750282226754941,2025-12-12
6,2025-12-07,-0.3595684530185282,2025-12-13
6,2025-12-08,-0.549486868193435,2025-12-14
6,2025-12-09,0.06311823147128856,2025-12-15
6,2025-12-10,0.4173712364257003,2025-12-16
6,2025-12-11,0.6640482595414057,2025-12-17
6,2025-12-12,0.7999155144707593,2025-12-18
6,2025-12-13,0.11324529860097075,2025-12-19
6,2025-12-14,0.3421958019019897,2025-12-20
6,2025-12-15,0.019199923044333992,2025-12-21
6,2025-12-16,-0.4084135528000149,2025-12-22
6,2025-12-17,-0.8112979501369278,2025-12-23
6,2025-12-18,-1.0716221663778642,2025-12-24
6,2025-12-19,-0.5668918177630383,2025-12-25
6,2025-12-20,-0.65481928651233,2025-12-26
6,2025-12-21,-0.6050033484010517,2025-12-27
6,2025-12-22,-1.2777329817983243,2025-12-28
6,2025-12-23,-1.2071346943667784,2025-12-29
6,2025-12-24,-1.2174486216067044,2025-12-30
6,2025-12-25,-0.9397392980624723,2025-12-31
6,2025-12-26,-0.7648769633644327,2026-01-01
6,2025-12-27,-0.6254348293575596,2026-01-02
6,2025-12-28,-1.3409788131962697,2026-01-03
6,2025-12-29,-1.2587860815382585,2026-01-04
6,2025-12-30,-0.9490006600703157,2026-01-05
6,2025-12-31,-0.5697338083620662,2026-01-06
6,2026-01-01,-0.5025466795426629,2026-01-07
6,2026-01-02,-0.7856475614111056,2026-01-08
6,2026-01-03,-0.5522207200423116,2026-01-09
6,2026-01-04,-0.21328961606640032,2026-01-10
6,2026-01-05,-0.16438004433048278,2026-01-11
6,2026-01-06,-0.027649370222040254,2026-01-12
6,2026-01-07,-0.12843718331296902,2026-01-13
6,2026-01-08,0.323693296628338,2026-01-14
6,2026-01-09,0.20815469764414962,2026-01-15
6,2026-01-10,0.06747021737558562,2026-01-16
6,2026-01-11,0.3964558503909302,2026-01-17
6,2026-01-12,0.46802968584818827,2026-01-18
6,2026-01-13,0.4302268272258091,2026-01-19
6,2026-01-14,0.027460756333321613,2026-01-20
6,2026-01-15,0.6476294488025203,2026-01-21
6,2026-01-16,0.2990942614223859,2026-01-22
6,2026-01-17,-0.1623098181367,2026-01-23
6,2026-01-18,-0.616491497842071,2026-01-24
6,2026-01-19,-0.463028104544838,2026-01-25
6,2026-01-20,-0.22577905129729203,2026-01-26
6,2026-01-21,-0.12755193491264916,2026-01-27
6,2026-01-22,-0.5210904216191883,2026-01-28
6,2026-01-23,-0.5062397857300164,2026-01-29
6,2026-01-24,-0.7423108072720375,2026-01-30
6,2026-01-25,-0.4009418216512773,2026-01-31
6,2026-01-26,-0.15750725574233207,2026-02-01
6,2026-01-27,0.1015522580128637,2026-02-02
6,2026-01-28,0.2756348232015212,2026-02-03
6,2026-01-29,0.0641342095655536,2026-02-04
6,2026-01-30,-0.0961197993741553,2026-02-05
6,2026-01-31,-0.4691818646305829,2026-02-06
6,2026-02-01,-0.44513870118262144,2026-02-07
6,2026-02-02,-0.847133654284518,2026-02-08
6,2026-02-03,-0.5931885164231468,2026-02-09
6,2026-02-04,-0.7147706790379831,2026-02-10
6,2026-02-05,-0.9716793325106281,2026-02-11
6,2026-02-06,-0.5918524599865687,2026-02-12
6,2026-02-07,-0.03249836911101813,2026-02-13
6,2026-02-08,0.3823210199402151,2026-02-14
6,2026-02-09,0.538642660553241,2026-02-15
6,2026-02-10,0.7010230577786846,2026-02-16
6,2026-02-11,0.7084600185947054,2026-02-17
6,2026-02-12,0.3590828101099434,2026-02-18
7,2025-10-16,-1.684685189927622,2025-10-23
7,2025-10-17,-1.2024519568993115,2025-10-24
7,2025-10-18,-1.5055637065508256,2025-10-25
7,2025-10-19,-0.9226361529922029,2025-10-26
7,2025-10-20,-1.4322508214504972,2025-10-27
7,2025-10-21,-1.68715310156925,2025-10-28
7,2025-10-22,-1.6166788783102248,2025-10-29
7,2025-10-23,-1.8274156409471733,2025-10-30
7,2025-10-24,-2.2017192343140577,2025-10-31
7,2025-10-25,-0.5302462586996661,2025-11-01
7,2025-10-26,-1.1114544197788854,2025-11-02
7,2025-10-27,-0.18890145801136168,2025-11-03
7,2025-10-28,0.6149897365556418,2025-11-04
7,2025-10-29,0.49393127727295094,2025-11-05
7,2025-10-30,0.2150712705116263,2025-11-06
7,2025-10-31,-0.40941289652221513,2025-11-07
7,2025-11-01,0.6016827519659043,2025-11-08
7,2025-11-02,-0.6652407382095835,2025-11-09
7,2025-11-03,-1.0332799794749619,2025-11-10
7,2025-11-04,-0.8569942707314346,2025-11-11
7,2025-11-05,-0.8850473118737013,2025-11-12
7,2025-11-06,-0.9168010652303664,2025-11-13
7,2025-11-07,-1.097334142546764,2025-11-14
7,2025-11-08,-1.7120748884202766,2025-11-15
7,2025-11-09,-2.32707635530786,2025-11-16
7,2025-11-10,-1.934374631230963,2025-11-17
7,2025-11-11,-1.6193335244452869,2025-11-18
7,2025-11-12,-0.7521419375394456,2025-11-19
7,2025-11-13,-0.42424588632802596,2025-11-20
7,2025-11-14,-0.32027562462031994,2025-11-21
7,2025-11-15,0.16799382187513065,2025-11-22
7,2025-11-16,0.15049632480232178,2025-11-23
7,2025-11-17,-0.1355522734233232,2025-11-24
7,2025-11-18,-0.3532630186439043,2025-11-25
7,2025-11-19,0.4261747653423023,2025-11-26
7,2025-11-20,0.6332443912759614,2025-11-27
7,2025-11-21,0.28072864242568946,2025-11-28
7,2025-11-22,0.6892491229366225,2025-11-29
7,2025-11-23,0.46446707174658425,2025-11-30
7,2025-11-24,-0.2834671409321792,2025-12-01
7,2025-11-25,-0.47699827098815584,2025-12-02
7,2025-11-26,-0.32512645652828814,2025-12-03
7,2025-11-27,-0.8332978522027643,2025-12-04
7,2025-11-28,-0.9489436672264626,2025-12-05
7,2025-11-29,-0.628455488896713,2025-12-06
7,2025-11-30,-0.6840080494405776,2025-12-07
7,2025-12-01,-0.8484030398904887,2025-12-08
7,2025-12-02,-0.6988065188840162,2025-12-09
7,2025-12-03,-0.6051428556826628,2025-12-10
7,2025-12-04,-0.5311172414291367,2025-12-11
7,2025-12-05,-0.4832187112488377,2025-12-12
7,2025-12-06,-0.6793090089859504,2025-12-13
7,2025-12-07,0.08328219451595338,2025-12-14
7,2025-12-08,-0.25917070464431785,2025-12-15
7,2025-12-09,-0.15829056802606442,2025-12-16
7,2025-12-10,0.2782883322298163,2025-12-17
7,2025-12-11,0.7278444824526595,2025-12-18
7,2025-12-12,0.4262832417244832,2025-12-19
7,2025-12-13,0.1163303623369203,2025-12-20
7,2025-12-14,-0.15907182525639826,2025-12-21
7,2025-12-15,-0.12754270035430568,2025-12-22
7,2025-12-16,-0.32926457631174033,2025-12-23
7,2025-12-17,-1.2622840288259765,2025-12-24
7,2025-12-18,-1.4000372193017356,2025-12-25
7,2025-12-19,-0.4342149961190927,2025-12-26
7,2025-12-20,-1.001608132207407,2025-12-27
7,2025-12-21,-0.876966699213193,2025-12-28
7,2025-12-22,-1.1513962936012039,2025-12-29
7,2025-12-23,-1.1340545788255716,2025-12-30
7,2025-12-24,-1.0742781394947354,2025-12-31
7,2025-12-25,-0.5852295088063658,2026-01-01
7,2025-12-26,-0.1360673581951052,2026-01-02
7,2025-12-27,-0.7344996952461481,2026-01-03
7,2025-12-28,-1.2809942995913117,2026-01-04
7,2025-12-29,-0.7442179505012982,2026-01-05
7,2025-12-30,-0.8942621341722237,2026-01-06
7,2025-12-31,-0.4169275054124846,2026-01-07
7,2026-01-01,0.0351243062920204,2026-01-08
7,2026-01-02,-0.4968155889379256,2026-01-09
7,2026-01-03,-0.4507016896266698,2026-01-10
7,2026-01-04,-0.060523688604704945,2026-01-11
7,2026-01-05,0.24618498583576315,2026-01-12
7,2026-01-06,-0.12830316966885064,2026-01-13
7,2026-01-07,-0.0067636012967351835,2026-01-14
7,2026-01-08,0.14456991425337548,2026-01-15
7,2026-01-09,-0.0342987382244468,2026-01-16
7,2026-01-10,0.09150119297688272,2026-01-17
7,2026-01-11,0.5848964280966178,2026-01-18
7,2026-01-12,0.5537542016870771,2026-01-19
7,2026-01-13,0.28346336842003356,2026-01-20
7,2026-01-14,-0.09301375724988692,2026-01-21
7,2026-01-15,0.9358383913960138,2026-01-22
7,2026-01-16,0.26135212238828465,2026-01-23
7,2026-01-17,-0.3596850994992503,2026-01-24
7,2026-01-18,-0.42765910966199033,2026-01-25
7,2026-01-19,-0.15941561687927963,2026-01-26
7,2026-01-20,-0.1141132620298112,2026-01-27
7,2026-01-21,-0.27250505041725964,2026-01-28
7,2026-01-22,-0.5013577556061956,2026-01-29
7,2026-01-23,-0.2763218819597386,2026-01-30
7,2026-01-24,-0.8624420310818693,2026-01-31
7,2026-01-25,-0.18188680097009258,2026-02-01
7,2026-01-26,-0.14584238419797613,2026-02-02
7,2026-01-27,0.17116822833096434,2026-02-03
7,2026-01-28,0.525584973117502,2026-02-04
7,2026-01-29,-0.15123326157481995,2026-02-05
7,2026-01-30,-0.25257854276404734,2026-02-06
7,2026-01-31,-0.6617900290762578,2026-02-07
7,2026-02-01,-0.6323197307618414,2026-02-08
7,2026-02-02,-0.8538307144130222,2026-02-09
7,2026-02-03,-0.44233548625025604,2026-02-10
7,2026-02-04,-0.825517275287421,2026-02-11
7,2026-02-05,-0.7870386557305256,2026-02-12
7,2026-02-06,-0.3516293190730764,2026-02-13
7,2026-02-07,0.33677640221626104,2026-02-14
7,2026-02-08,0.7456438322454837,2026-02-15
7,2026-02-09,0.541262913255544,2026-02-16
7,2026-02-10,0.7933865806156184,2026-02-17
7,2026-02-11,0.6218934050531816,2026-02-18
7,2026-02-12,0.3524404072758539,2026-02-19
8,2025-10-16,-1.6873271531283964,2025-10-24
8,2025-10-17,-1.2191443869716883,2025-10-25
8,2025-10-18,-1.085509321311966,2025-10-26
8,2025-10-19,-1.148186360959383,2025-10-27
8,2025-10-20,-1.5738647716780214,2025-10-28
8,2025-10-21,-1.911617886755858,2025-10-29
8,2025-10-22,-1.6452090982225924,2025-10-30
8,2025-10-23,-2.008380388869112,2025-10-31
8,2025-10-24,-2.119896347204927,2025-11-01
8,2025-10-25,-0.5853300156379361,2025-11-02
8,2025-10-26,-1.1653958916319256,2025-11-03
8,2025-10-27,-0.2760371672214767,2025-11-04
8,2025-10-28,0.566021934904363,2025-11-05
8,2025-10-29,0.7536977398054366,2025-11-06
8,2025-10-30,0.26863319315697376,2025-11-07
8,2025-10-31,-0.665129204325022,2025-11-08
8,2025-11-01,0.5684613235718851,2025-11-09
8,2025-11-02,-0.6303502675534143,2025-11-10
8,2025-11-03,-1.1044089052399073,2025-11-11
8,2025-11-04,-0.32415733677483327,2025-11-12
8,2025-11-05,-0.2056586760152206,2025-11-13
8,2025-11-06,-1.1942780176062884,2025-11-14
8,2025-11-07,-1.4706323471302334,2025-11-15
8,2025-11-08,-2.048141420667409,2025-11-16
8,2025-11-09,-2.6910139901226056,2025-11-17
8,2025-11-10,-1.9793299813734921,2025-11-18
8,2025-11-11,-1.182825082044401,2025-11-19
8,2025-11-12,-0.3524526502625999,2025-11-20
8,2025-11-13,-0.14168092800910714,2025-11-21
8,2025-11-14,-0.06277246822407687,2025-11-22
8,2025-11-15,0.2576007637379559,2025-11-23
8,2025-11-16,0.35567605793265583,2025-11-24
8,2025-11-17,0.05287607187059386,2025-11-25
8,2025-11-18,-0.21750042752704937,2025-11-26
8,2025-11-19,0.5082814671806093,2025-11-27
8,2025-11-20,0.5874027858749974,2025-11-28
8,2025-11-21,0.3662040247898917,2025-11-29
8,2025-11-22,1.1146715291470153,2025-11-30
8,2025-11-23,-0.2423419333982299,2025-12-01
8,2025-11-24,-0.1372631514349897,2025-12-02
8,2025-11-25,-0.37974534167450896,2025-12-03
8,2025-11-26,0.23301979421353158,2025-12-04
8,2025-11-27,-0.6761647735988805,2025-12-05
8,2025-11-28,-0.8224666992410691,2025-12-06
8,2025-11-29,-0.5696781416078642,2025-12-07
8,2025-11-30,-0.3528144943636628,2025-12-08
8,2025-12-01,-1.0846729609998833,2025-12-09
8,2025-12-02,-0.31093879834689153,2025-12-10
8,2025-12-03,-0.27772050941251364,2025-12-11
8,2025-12-04,-0.48044093999218823,2025-12-12
8,2025-12-05,-0.65136803001269,2025-12-13
8,2025-12-06,-0.26357774048428584,2025-12-14
8,2025-12-07,0.5238938459087942,2025-12-15
8,2025-12-08,0.18624879868153119,2025-12-16
8,2025-12-09,-0.27677746524771485,2025-12-17
8,2025-12-10,0.3364557341558309,2025-12-18
8,2025-12-11,0.4122910998091204,2025-12-19
8,2025-12-12,0.6207896923522463,2025-12-20
8,2025-12-13,-0.03096713875496491,2025-12-21
8,2025-12-14,-0.4804798689951027,2025-12-22
8,2025-12-15,0.20654076373852384,2025-12-23
8,2025-12-16,-0.49076515680678084,2025-12-24
8,2025-12-17,-1.67591552212502,2025-12-25
8,2025-12-18,-1.398362144034314,2025-12-26
8,2025-12-19,-0.7765483360926856,2025-12-27
8,2025-12-20,-1.3703122532259218,2025-12-28
8,2025-12-21,-1.1353142223632544,2025-12-29
8,2025-12-22,-1.050951963544906,2025-12-30
8,2025-12-23,-1.0211822397058798,2025-12-31
8,2025-12-24,-0.7972055042291131,2026-01-01
8,2025-12-25,-0.11417769803480289,2026-01-02
8,2025-12-26,-0.03160967444459186,2026-01-03
8,2025-12-27,-0.9298341782450062,2026-01-04
8,2025-12-28,-0.8684776405202187,2026-01-05
8,2025-12-29,-0.6652949316052356,2026-01-06
8,2025-12-30,-0.6708776606162994,2026-01-07
8,2025-12-31,0.09721211265222165,2026-01-08
8,2026-01-01,0.1923858597828412,2026-01-09
8,2026-01-02,-0.44433276436676644,2026-01-10
8,2026-01-03,-0.4549012125270386,2026-01-11
8,2026-01-04,0.1494423617828466,2026-01-12
8,2026-01-05,0.11939459649555495,2026-01-13
8,2026-01-06,-0.1524826746383995,2026-01-14
8,2026-01-07,-0.28142385053895724,2026-01-15
8,2026-01-08,-0.004967784483026336,2026-01-16
8,2026-01-09,-0.2101783012500236,2026-01-17
8,2026-01-10,0.478161048400501,2026-01-18
8,2026-01-11,0.5417986547312698,2026-01-19
8,2026-01-12,0.4085828589300438,2026-01-20
8,2026-01-13,0.5737512969265852,2026-01-21
8,2026-01-14,-0.06352661147180767,2026-01-22
8,2026-01-15,1.158140260997231,2026-01-23
8,2026-01-16,0.37994434612269284,2026-01-24
8,2026-01-17,-0.19418522728957496,2026-01-25
8,2026-01-18,-0.6967935816722476,2026-01-26
8,2026-01-19,0.1808594393151707,2026-01-27
8,2026-01-20,-0.40149389649320294,2026-01-28
8,2026-01-21,-0.47204862053110747,2026-01-29
8,2026-01-22,-0.3810835434801975,2026-01-30
8,2026-01-23,-0.18388624561600878,2026-01-31
8,2026-01-24,-0.7938657509086058,2026-02-01
8,2026-01-25,-0.07106266258033289,2026-02-02
8,2026-01-26,-0.2386021404902231,2026-02-03
8,2026-01-27,0.3094072268546137,2026-02-04
8,2026-01-28,0.40373521449822425,2026-02-05
8,2026-01-29,-0.3512301038169862,2026-02-06
8,2026-01-30,-0.5305186948463787,2026-02-07
8,2026-01-31,-0.9812408861695101,2026-02-08
8,2026-02-01,-0.9637927946942364,2026-02-09
8,2026-02-02,-0.929716088422004,2026-02-10
8,2026-02-03,-0.7953413614437839,2026-02-11
8,2026-02-04,-0.781526492681139,2026-02-12
8,2026-02-05,-0.28070039936282415,2026-02-13
8,2026-02-06,-0.1797630085407711,2026-02-14
8,2026-02-07,0.5499689861392314,2026-02-15
8,2026-02-08,0.8544124246090844,2026-02-16
8,2026-02-09,0.5717562425526906,2026-02-17
8,2026-02-10,0.7038031609663374,2026-02-18
8,2026-02-11,0.43181908781609596,2026-02-19
8,2026-02-12,0.18940739166640005,2026-02-20
9,2025-10-16,-1.802026597175004,2025-10-25
9,2025-10-17,-1.027388646798378,2025-10-26
9,2025-10-18,-0.7974337461890716,2025-10-27
9,2025-10-19,-1.5908031237946767,2025-10-28
9,2025-10-20,-1.4953818884494556,2025-10-29
9,2025-10-21,-1.5453563375895107,2025-10-30
9,2025-10-22,-1.4301703882519243,2025-10-31
9,2025-10-23,-1.7552472541566073,2025-11-01
9,2025-10-24,-1.8659367453100213,2025-11-02
9,2025-10-25,-0.6533107379671091,2025-11-03
9,2025-10-26,-1.2732846555917,2025-11-04
9,2025-10-27,-0.2688316994497137,2025-11-05
9,2025-10-28,0.8143025995955816,2025-11-06
9,2025-10-29,1.062125995949539,2025-11-07
9,2025-10-30,0.30302973503409186,2025-11-08
9,2025-10-31,-0.48588125867183474,2025-11-09
9,2025-11-01,0.632291183597057,2025-11-10
9,2025-11-02,-0.72983810934566,2025-11-11
9,2025-11-03,-0.6798571248234012,2025-11-12
9,2025-11-04,0.35319087037757624,2025-11-13
9,2025-11-05,-0.0003141349154852662,2025-11-14
9,2025-11-06,-1.5100401561146448,2025-11-15
9,2025-11-07,-1.9599608208115618,2025-11-16
9,2025-11-08,-2.2111065790625566,2025-11-17
9,2025-11-09,-2.2657604133848044,2025-11-18
9,2025-11-10,-1.9800775755718798,2025-11-19
9,2025-11-11,-0.9970235078878923,2025-11-20
9,2025-11-12,-0.23081401332210064,2025-11-21
9,2025-11-13,-0.05140463491045712,2025-11-22
9,2025-11-14,0.41409199957321713,2025-11-23
9,2025-11-15,0.40563497048523717,2025-11-24
9,2025-11-16,0.28501747105954794,2025-11-25
9,2025-11-17,0.28823494466429167,2025-11-26
9,2025-11-18,-0.02682001809517548,2025-11-27
9,2025-11-19,-0.012505901674988057,2025-11-28
9,2025-11-20,0.6017381426698883,2025-11-29
9,2025-11-21,0.46727787176162694,2025-11-30
9,2025-11-22,0.5516562499706745,2025-12-01
9,2025-11-23,0.2971344499539402,2025-12-02
9,2025-11-24,-0.013524777153224804,2025-12-03
9,2025-11-25,0.22793627832577035,2025-12-04
9,2025-11-26,0.557801005396041,2025-12-05
9,2025-11-27,-0.6225894917836976,2025-12-06
9,2025-11-28,-0.7592228207213666,2025-12-07
9,2025-11-29,-0.46662073803315746,2025-12-08
9,2025-11-30,-0.015943121059572497,2025-12-09
9,2025-12-01,-1.2273617773603422,2025-12-10
9,2025-12-02,-0.14370475569880853,2025-12-11
9,2025-12-03,0.1525370148561765,2025-12-12
9,2025-12-04,-0.1888258619710583,2025-12-13
9,2025-12-05,-0.396112626222653,2025-12-14
9,2025-12-06,0.10479152085048196,2025-12-15
9,2025-12-07,0.9901270520059451,2025-12-16
9,2025-12-08,0.36376252512632923,2025-12-17
9,2025-12-09,-0.29501752181447055,2025-12-18
9,2025-12-10,0.3252186395090971,2025-12-19
9,2025-12-11,0.3684505380580017,2025-12-20
9,2025-12-12,0.7231946047158725,2025-12-21
9,2025-12-13,-0.07651107041507535,2025-12-22
9,2025-12-14,-0.46398072425872694,2025-12-23
9,2025-12-15,0.34402827508058365,2025-12-24
9,2025-12-16,-0.7703143247009208,2025-12-25
9,2025-12-17,-1.707644135965083,2025-12-26
9,2025-12-18,-1.6287837127612272,2025-12-27
9,2025-12-19,-1.0255397248460543,2025-12-28
9,2025-12-20,-1.2888549124580477,2025-12-29
9,2025-12-21,-1.1912735456353034,2025-12-30
9,2025-12-22,-0.6865827166503886,2025-12-31
9,2025-12-23,-0.5306159661260428,2026-01-01
9,2025-12-24,-0.7488971923695843,2026-01-02
9,2025-12-25,0.25318824225242664,2026-01-03
9,2025-12-26,0.19953303543477385,2026-01-04
9,2025-12-27,-0.43015987664637956,2026-01-05
9,2025-12-28,-0.9063183535994094,2026-01-06
9,2025-12-29,-0.5494777044639453,2026-01-07
9,2025-12-30,-0.5194225175623346,2026-01-08
9,2025-12-31,0.1106548574573576,2026-01-09
9,2026-01-01,-0.3688042844802445,2026-01-10
9,2026-01-02,-0.6360127013232558,2026-01-11
9,2026-01-03,-0.5078452628669414,2026-01-12
9,2026-01-04,0.18456942599513418,2026-01-13
9,2026-01-05,-0.18384701438810186,2026-01-14
9,2026-01-06,-0.18024246288987206,2026-01-15
9,2026-01-07,-0.399266593997174,2026-01-16
9,2026-01-08,0.06943217162728256,2026-01-17
9,2026-01-09,-0.35416778717405584,2026-01-18
9,2026-01-10,0.5368634676707441,2026-01-19
9,2026-01-11,0.31875821608031163,2026-01-20
9,2026-01-12,0.5980615169302731,2026-01-21
9,2026-01-13,0.3407779922256327,2026-01-22
9,2026-01-14,0.1929824971389988,2026-01-23
9,2026-01-15,1.1496015060161184,2026-01-24
9,2026-01-16,0.6540212557444334,2026-01-25
9,2026-01-17,-0.13270154004139897,2026-01-26
9,2026-01-18,-0.6438185219798929,2026-01-27
9,2026-01-19,0.24867051858468303,2026-01-28
9,2026-01-20,-0.5154608315277527,2026-01-29
9,2026-01-21,-0.4611604018328338,2026-01-30
9,2026-01-22,-0.12336435014860528,2026-01-31
9,2026-01-23,0.02926612084410321,2026-02-01
9,2026-01-24,-0.5633180204712895,2026-02-02
9,2026-01-25,0.17129087607702811,2026-02-03
9,2026-01-26,-0.095824587104369,2026-02-04
9,2026-01-27,0.1059684578291526,2026-02-05
9,2026-01-28,0.27941311859852785,2026-02-06
9,2026-01-29,-0.588754182533017,2026-02-07
9,2026-01-30,-0.5489210661993364,2026-02-08
9,2026-01-31,-1.0508090707648814,2026-02-09
9,2026-02-01,-1.0025719461907718,2026-02-10
9,2026-02-02,-0.8837737941010562,2026-02-11
9,2026-02-03,-0.7297166392362872,2026-02-12
9,2026-02-04,-0.5824466772362639,2026-02-13
9,2026-02-05,-0.1843032960079207,2026-02-14
9,2026-02-06,0.11662170566249044,2026-02-15
9,2026-02-07,0.7507072656263198,2026-02-16
9,2026-02-08,0.6686858076724479,2026-02-17
9,2026-02-09,0.6349835507067408,2026-02-18
9,2026-02-10,0.6006034089048546,2026-02-19
9,2026-02-11,0.1268288647809399,2026-02-20
9,2026-02-12,0.18683737517071072,2026-02-21
10,2025-10-16,-1.6689576273720639,2025-10-26
10,2025-10-17,-1.205716224615214,2025-10-27
10,2025-10-18,-0.9233689423834028,2025-10-28
10,2025-10-19,-1.6240369596582516,2025-10-29
10,2025-10-20,-1.2535533590008834,2025-10-30
10,2025-10-21,-1.2947891485628822,2025-10-31
10,2025-10-22,-1.0596404086381022,2025-11-01
10,2025-10-23,-1.3324505981548642,2025-11-02
10,2025-10-24,-1.7446258857999652,2025-11-03
10,2025-10-25,-0.589330147150649,2025-11-04
10,2025-10-26,-1.1411585458005649,2025-11-05
10,2025-10-27,0.10870027705376907,2025-11-06
10,2025-10-28,1.0481274496203832,2025-11-07
10,2025-10-29,0.991334574384103,2025-11-08
10,2025-10-30,0.3874157763325641,2025-11-09
10,2025-10-31,-0.14009159199016877,2025-11-10
10,2025-11-01,0.563905893701,2025-11-11
10,2025-11-02,-1.0347815166012149,2025-11-12
10,2025-11-03,-0.008460812433644396,2025-11-13
10,2025-11-04,0.8593764796458483,2025-11-14
10,2025-11-05,0.034519209212774425,2025-11-15
10,2025-11-06,-1.5396738772947056,2025-11-16
10,2025-11-07,-2.2202943678022526,2025-11-17
10,2025-11-08,-2.0009011730799235,2025-11-18
10,2025-11-09,-1.6255424386933457,2025-11-19
10,2025-11-10,-1.9721184559983413,2025-11-20
10,2025-11-11,-1.0329298388694563,2025-11-21
10,2025-11-12,-0.20655557078987033,2025-11-22
10,2025-11-13,0.23165220547895732,2025-11-23
10,2025-11-14,0.34809273548166764,2025-11-24
10,2025-11-15,0.3152308832947895,2025-11-25
10,2025-11-16,0.08173715276976351,2025-11-26
10,2025-11-17,0.20709440213473213,2025-11-27
10,2025-11-18,0.23360098643510285,2025-11-28
10,2025-11-19,-0.7687442687251833,2025-11-29
10,2025-11-20,0.7325220962743759,2025-11-30
10,2025-11-21,-0.06185570768409932,2025-12-01
10,2025-11-22,0.8624437336783347,2025-12-02
10,2025-11-23,0.16488901773186948,2025-12-03
10,2025-11-24,0.5641522168208801,2025-12-04
10,2025-11-25,0.7221232655611822,2025-12-05
10,2025-11-26,0.39911735487743444,2025-12-06
10,2025-11-27,-0.4661127811918313,2025-12-07
10,2025-11-28,-0.9492192251499545,2025-12-08
10,2025-11-29,-0.03920450901641769,2025-12-09
10,2025-11-30,0.030420551131821526,2025-12-10
10,2025-12-01,-0.9919468284434536,2025-12-11
10,2025-12-02,-0.03826849723535036,2025-12-12
10,2025-12-03,0.030722205980582274,2025-12-13
10,2025-12-04,0.23393082873389806,2025-12-14
10,2025-12-05,-0.14601778293436904,2025-12-15
10,2025-12-06,0.4072128722141655,2025-12-16
10,2025-12-07,1.0943657215678293,2025-12-17
10,2025-12-08,0.35837292260185144,2025-12-18
10,2025-12-09,-0.44923001912415417,2025-12-19
10,2025-12-10,0.6011043994554095,2025-12-20
10,2025-12-11,0.1807248225436036,2025-12-21
10,2025-12-12,0.6023585173293632,2025-12-22
10,2025-12-13,-0.12322891233942186,2025-12-23
10,2025-12-14,-0.42992983529613277,2025-12-24
10,2025-12-15,0.10005219660041115,2025-12-25
10,2025-12-16,-0.6737110135398758,2025-12-26
10,2025-12-17,-1.5417268400654502,2025-12-27
10,2025-12-18,-1.7903384793503814,2025-12-28
10,2025-12-19,-0.969234685734599,2025-12-29
10,2025-12-20,-1.369029580687054,2025-12-30
10,2025-12-21,-1.0646455059629116,2025-12-31
10,2025-12-22,-0.43931754977360915,2026-01-01
10,2025-12-23,-0.47063796720019424,2026-01-02
10,2025-12-24,-0.725376140176922,2026-01-03
10,2025-12-25,0.09288610342740501,2026-01-04
10,2025-12-26,0.7856726280852254,2026-01-05
10,2025-12-27,0.16744176590529275,2026-01-06
10,2025-12-28,-1.067160120494636,2026-01-07
10,2025-12-29,-0.7252138055928598,2026-01-08
10,2025-12-30,-0.24363596410000207,2026-01-09
10,2025-12-31,0.00975867391005275,2026-01-10
10,2026-01-01,-0.472106985919074,2026-01-11
10,2026-01-02,-0.9835533173358308,2026-01-12
10,2026-01-03,-0.48876719101160787,2026-01-13
10,2026-01-04,0.4761452920249882,2026-01-14
10,2026-01-05,-0.2541360183021505,2026-01-15
10,2026-01-06,0.12706493979206002,2026-01-16
10,2026-01-07,-0.22835651278399494,2026-01-17
10,2026-01-08,0.5457782751286157,2026-01-18
10,2026-01-09,-0.5069263327210802,2026-01-19
10,2026-01-10,0.4146970339091205,2026-01-20
10,2026-01-11,0.3030091943044438,2026-01-21
10,2026-01-12,0.3764830267021169,2026-01-22
10,2026-01-13,0.3451892506213865,2026-01-23
10,2026-01-14,0.2958680871200377,2026-01-24
10,2026-01-15,1.237740934909111,2026-01-25
10,2026-01-16,0.3086823999093221,2026-01-26
10,2026-01-17,-0.16752703241783667,2026-01-27
10,2026-01-18,-0.06398958685202315,2026-01-28
10,2026-01-19,0.35034574140242086,2026-01-29
10,2026-01-20,-0.5656560512144199,2026-01-30
10,2026-01-21,-0.5474508144555595,2026-01-31
10,2026-01-22,0.2418792208998646,2026-02-01
10,2026-01-23,0.30647595760539026,2026-02-02
10,2026-01-24,-0.4302352696491743,2026-02-03
10,2026-01-25,0.22471441128302375,2026-02-04
10,2026-01-26,-0.18694867506585502,2026-02-05
10,2026-01-27,-0.05402719737126033,2026-02-06
10,2026-01-28,-0.15532340378560788,2026-02-07
10,2026-01-29,-0.7159618132748872,2026-02-08
10,2026-01-30,-0.7711268985879824,2026-02-09
10,2026-01-31,-0.8953124482192916,2026-02-10
10,2026-02-01,-0.8590068163998655,2026-02-11
10,2026-02-02,-0.6025290186125968,2026-02-12
10,2026-02-03,-0.24931312561817753,2026-02-13
10,2026-02-04,-0.17873364885210383,2026-02-14
10,2026-02-05,-0.3475831355531143,2026-02-15
10,2026-02-06,0.3216595785619807,2026-02-16
10,2026-02-07,0.5713372447430588,2026-02-17
10,2026-02-08,0.6225186668953419,2026-02-18
10,2026-02-09,0.31055173206978615,2026-02-19
10,2026-02-10,0.5571390780038119,2026-02-20
10,2026-02-11,0.1866083703617142,2026-02-21
10,2026-02-12,0.4044706336813739,2026-02-22
11,2025-10-16,-1.2178818021406554,2025-10-27
11,2025-10-17,-1.3947601946785515,2025-10-28
11,2025-10-18,-1.0584373575648292,2025-10-29
11,2025-10-19,-1.3412891330857517,2025-10-30
11,2025-10-20,-0.8928718959631715,2025-10-31
11,2025-10-21,-1.1793524073986934,2025-11-01
11,2025-10-22,-0.4027637575539525,2025-11-02
11,2025-10-23,-1.136640655469703,2025-11-03
11,2025-10-24,-1.8854712618189267,2025-11-04
11,2025-10-25,-0.24646861241410423,2025-11-05
11,2025-10-26,-0.6811023908803421,2025-11-06
11,2025-10-27,0.40624574082127707,2025-11-07
11,2025-10-28,1.0916544359326659,2025-11-08
11,2025-10-29,0.9455091563292372,2025-11-09
11,2025-10-30,0.403967110830793,2025-11-10
11,2025-10-31,0.43859942720066364,2025-11-11
11,2025-11-01,0.4048476989263065,2025-11-12
11,2025-11-02,-0.8196352680602452,2025-11-13
11,2025-11-03,0.18286927622021673,2025-11-14
11,2025-11-04,1.0117497530661832,2025-11-15
11,2025-11-05,0.2253977590836848,2025-11-16
11,2025-11-06,-1.353512538367242,2025-11-17
11,2025-11-07,-1.9711232206729838,2025-11-18
11,2025-11-08,-1.6855548148626214,2025-11-19
11,2025-11-09,-1.301627871534878,2025-11-20
11,2025-11-10,-1.9247945871113932,2025-11-21
11,2025-11-11,-1.4930767570264794,2025-11-22
11,2025-11-12,-0.04839259022711007,2025-11-23
11,2025-11-13,0.6119585038360513,2025-11-24
11,2025-11-14,0.07032000281608583,2025-11-25
11,2025-11-15,0.27146070679522577,2025-11-26
11,2025-11-16,0.14408417535029794,2025-11-27
11,2025-11-17,-0.09709929721857209,2025-11-28
11,2025-11-18,0.2661122140732415,2025-11-29
11,2025-11-19,-0.724869551733943,2025-11-30
11,2025-11-20,-0.05961191188494013,2025-12-01
11,2025-11-21,0.45534561267499774,2025-12-02
11,2025-11-22,0.5402936482666182,2025-12-03
11,2025-11-23,-0.19061517352024265,2025-12-04
11,2025-11-24,1.2076424318247967,2025-12-05
11,2025-11-25,1.1899893408892368,2025-12-06
11,2025-11-26,0.3363459743571661,2025-12-07
11,2025-11-27,-0.22439410691189324,2025-12-08
11,2025-11-28,-0.8606427205925663,2025-12-09
11,2025-11-29,0.2917913971877692,2025-12-10
11,2025-11-30,-0.18633695967838154,2025-12-11
11,2025-12-01,-0.9204602920827688,2025-12-12
11,2025-12-02,-0.21627621581245932,2025-12-13
11,2025-12-03,-0.11942246981321622,2025-12-14
11,2025-12-04,0.41614634991639804,2025-12-15
11,2025-12-05,-0.03217501764217503,2025-12-16
11,2025-12-06,0.6124484010840366,2025-12-17
11,2025-12-07,0.7300274546118434,2025-12-18
11,2025-12-08,0.3462641196566388,2025-12-19
11,2025-12-09,-0.49626433888768856,2025-12-20
11,2025-12-10,0.5470665761591824,2025-12-21
11,2025-12-11,0.13042523155755048,2025-12-22
11,2025-12-12,0.5510226407404247,2025-12-23
11,2025-12-13,0.006623035363650972,2025-12-24
11,2025-12-14,-0.24412104829165468,2025-12-25
11,2025-12-15,-0.18010246506730043,2025-12-26
11,2025-12-16,-0.9362963618324059,2025-12-27
11,2025-12-17,-1.494413829639677,2025-12-28
11,2025-12-18,-1.658506902699518,2025-12-29
11,2025-12-19,-1.0757476211604233,2025-12-30
11,2025-12-20,-1.4873695753494807,2025-12-31
11,2025-12-21,-1.0148998283765067,2026-01-01
11,2025-12-22,-0.562736994346992,2026-01-02
11,2025-12-23,-0.21548199638758037,2026-01-03
11,2025-12-24,-0.676444934175394,2026-01-04
11,2025-12-25,0.18325576846285835,2026-01-05
11,2025-12-26,0.858928834516531,2026-01-06
11,2025-12-27,0.1894984875270975,2026-01-07
11,2025-12-28,-0.901375367439514,2026-01-08
11,2025-12-29,-1.0199061538932326,2026-01-09
11,2025-12-30,-0.3063626791300795,2026-01-10
11,2025-12-31,0.15593679292781887,2026-01-11
11,2026-01-01,-0.34441146020663077,2026-01-12
11,2026-01-02,-1.0551885134207624,2026-01-13
11,2026-01-03,-0.42122821678033123,2026-01-14
11,2026-01-04,0.5700160684881802,2026-01-15
11,2026-01-05,-0.3633229436547382,2026-01-16
11,2026-01-06,0.45122351021679596,2026-01-17
11,2026-01-07,-0.03908094760335618,2026-01-18
11,2026-01-08,1.0499218491172133,2026-01-19
11,2026-01-09,-0.6629000820549537,2026-01-20
11,2026-01-10,0.7502177836148425,2026-01-21
11,2026-01-11,0.08422747825155966,2026-01-22
11,2026-01-12,-0.002709810648466829,2026-01-23
11,2026-01-13,0.4545912186743883,2026-01-24
11,2026-01-14,0.35582493455044284,2026-01-25
11,2026-01-15,1.0324894362639343,2026-01-26
11,2026-01-16,0.0010269976849329437,2026-01-27
11,2026-01-17,-0.5360782100503058,2026-01-28
11,2026-01-18,0.012832030871294501,2026-01-29
11,2026-01-19,0.23579086790038195,2026-01-30
11,2026-01-20,-0.4865977830198748,2026-01-31
11,2026-01-21,-0.41481335888608634,2026-02-01
11,2026-01-22,0.2751412487391193,2026-02-02
11,2026-01-23,0.3127146788937292,2026-02-03
11,2026-01-24,-0.3559261578145946,2026-02-04
11,2026-01-25,0.17065477437603216,2026-02-05
11,2026-01-26,-0.5098355695329392,2026-02-06
11,2026-01-27,-0.3551719500986996,2026-02-07
11,2026-01-28,-0.5888651825297185,2026-02-08
11,2026-01-29,-0.8240746156512251,2026-02-09
11,2026-01-30,-0.9035211153492101,2026-02-10
11,2026-01-31,-0.6304610337888196,2026-02-11
11,2026-02-01,-0.5262992679950138,2026-02-12
11,2026-02-02,-0.29518593985179725,2026-02-13
11,2026-02-03,0.0597836541517142,2026-02-14
11,2026-02-04,0.20948391747059142,2026-02-15
11,2026-02-05,-0.24069714123606184,2026-02-16
11,2026-02-06,0.38154273529258476,2026-02-17
11,2026-02-07,0.33627512558300654,2026-02-18
11,2026-02-08,0.47361822444580287,2026-02-19
11,2026-02-09,-0.12097815462948676,2026-02-20
11,2026-02-10,0.5276607947315148,2026-02-21
11,2026-02-11,0.327022197074334,2026-02-22
11,2026-02-12,0.5969057266026613,2026-02-23
12,2025-10-16,-0.8802892728384055,2025-10-28
12,2025-10-17,-1.0818526081997695,2025-10-29
12,2025-10-18,-1.1054904585551877,2025-10-30
12,2025-10-19,-1.3085539896534564,2025-10-31
12,2025-10-20,-0.34257987692302316,2025-11-01
12,2025-10-21,-0.701318245441127,2025-11-02
12,2025-10-22,-0.3142017605997591,2025-11-03
12,2025-10-23,-1.1379663197524263,2025-11-04
12,2025-10-24,-1.5704709887093458,2025-11-05
12,2025-10-25,0.19105162815353355,2025-11-06
12,2025-10-26,-0.3410961825280036,2025-11-07
12,2025-10-27,0.6170572504902018,2025-11-08
12,2025-10-28,1.2916726187569851,2025-11-09
12,2025-10-29,1.1021735290040826,2025-11-10
12,2025-10-30,0.14713840682902907,2025-11-11
12,2025-10-31,0.8298734024951868,2025-11-12
12,2025-11-01,0.028518001729972726,2025-11-13
12,2025-11-02,-0.36072377400469224,2025-11-14
12,2025-11-03,0.022904158001922918,2025-11-15
12,2025-11-04,0.9868308927718537,2025-11-16
12,2025-11-05,0.10414030507910679,2025-11-17
12,2025-11-06,-1.5695295880199325,2025-11-18
12,2025-11-07,-1.5642426993755219,2025-11-19
12,2025-11-08,-1.393705121550019,2025-11-20
12,2025-11-09,-1.2242752898214873,2025-11-21
12,2025-11-10,-1.8619864598272462,2025-11-22
12,2025-11-11,-1.5387694307229514,2025-11-23
12,2025-11-12,-0.27471969721288286,2025-11-24
12,2025-11-13,0.8730425238021192,2025-11-25
12,2025-11-14,0.015243034066818251,2025-11-26
12,2025-11-15,0.1192566097176279,2025-11-27
12,2025-11-16,-0.005629897028338494,2025-11-28
12,2025-11-17,0.028227538634850582,2025-11-29
12,2025-11-18,0.6235946504131953,2025-11-30
12,2025-11-19,-1.2848363575520054,2025-12-01
12,2025-11-20,0.14541814238953849,2025-12-02
12,2025-11-21,0.24129188483178327,2025-12-03
12,2025-11-22,0.6347974865157344,2025-12-04
12,2025-11-23,-0.20724285533692352,2025-12-05
12,2025-11-24,1.5002280613287389,2025-12-06
12,2025-11-25,1.5855213359296294,2025-12-07
12,2025-11-26,0.08953942061016835,2025-12-08
12,2025-11-27,-0.11429414979472396,2025-12-09
12,2025-11-28,-0.3272390827224581,2025-12-10
12,2025-11-29,0.3781326457492734,2025-12-11
12,2025-11-30,-0.5578772362660305,2025-12-12
12,2025-12-01,-0.9600280351660071,2025-12-13
12,2025-12-02,-0.6548407739024961,2025-12-14
12,2025-12-03,-0.27475308896722067,2025-12-15
12,2025-12-04,0.6512063985051092,2025-12-16
12,2025-12-05,0.11972600041818554,2025-12-17
12,2025-12-06,0.2552160896701739,2025-12-18
12,2025-12-07,0.32756543537726657,2025-12-19
12,2025-12-08,0.07888853717910613,2025-12-20
12,2025-12-09,-0.356558864821695,2025-12-21
12,2025-12-10,0.4063030591041363,2025-12-22
12,2025-12-11,0.6233046936925095,2025-12-23
12,2025-12-12,0.7429164067603871,2025-12-24
12,2025-12-13,0.1214605179079636,2025-12-25
12,2025-12-14,-0.20291320348010042,2025-12-26
12,2025-12-15,-0.9126596124135189,2025-12-27
12,2025-12-16,-1.5011452754735564,2025-12-28
12,2025-12-17,-1.353322036119462,2025-12-29
12,2025-12-18,-1.5188683696649408,2025-12-30
12,2025-12-19,-0.8816075287110947,2025-12-31
12,2025-12-20,-1.5937981893215973,2026-01-01
12,2025-12-21,-1.118549256699233,2026-01-02
12,2025-12-22,-0.5266513493996083,2026-01-03
12,2025-12-23,-0.13353432162794146,2026-01-04
12,2025-12-24,0.02175299642682822,2026-01-05
12,2025-12-25,0.6387539086086901,2026-01-06
12,2025-12-26,0.4185185937491742,2026-01-07
12,2025-12-27,0.04076332214668994,2026-01-08
12,2025-12-28,-0.5635084443829131,2026-01-09
12,2025-12-29,-0.9184530755252602,2026-01-10
12,2025-12-30,-0.5758386650322879,2026-01-11
12,2025-12-31,0.34592059652328916,2026-01-12
12,2026-01-01,-0.5452579434276339,2026-01-13
12,2026-01-02,-0.8646127082787045,2026-01-14
12,2026-01-03,-0.28880982331699573,2026-01-15
12,2026-01-04,0.6560348764807993,2026-01-16
12,2026-01-05,-0.2428068841402477,2026-01-17
12,2026-01-06,0.9438814364612772,2026-01-18
12,2026-01-07,0.09959471395807822,2026-01-19
12,2026-01-08,0.9357549342645606,2026-01-20
12,2026-01-09,-0.7117265331665642,2026-01-21
12,2026-01-10,1.06102794219953,2026-01-22
12,2026-01-11,0.12358284091610924,2026-01-23
12,2026-01-12,-0.2484720100873273,2026-01-24
12,2026-01-13,0.4848577302856072,2026-01-25
12,2026-01-14,0.40215338039280346,2026-01-26
12,2026-01-15,0.9987828144363456,2026-01-27
12,2026-01-16,0.06358719262954443,2026-01-28
12,2026-01-17,-0.47606316224179085,2026-01-29
12,2026-01-18,-0.019327947835377175,2026-01-30
12,2026-01-19,-0.018087355771436008,2026-01-31
12,2026-01-20,-0.12399239113257156,2026-02-01
12,2026-01-21,-0.28412762420500465,2026-02-02
12,2026-01-22,0.20305283272378755,2026-02-03
12,2026-01-23,0.5487723321552944,2026-02-04
12,2026-01-24,-0.2532209988874507,2026-02-05
12,2026-01-25,0.011793770409203895,2026-02-06
12,2026-01-26,-0.6752444939596609,2026-02-07
12,2026-01-27,-0.7054092785446312,2026-02-08
12,2026-01-28,-0.6699187303165968,2026-02-09
12,2026-01-29,-0.3987568305651147,2026-02-10
12,2026-01-30,-0.8703407172657053,2026-02-11
12,2026-01-31,-0.4353875965566799,2026-02-12
12,2026-02-01,-0.2559069787791787,2026-02-13
12,2026-02-02,-0.018060498485716527,2026-02-14
12,2026-02-03,0.12676780911979166,2026-02-15
12,2026-02-04,0.07690268361875141,2026-02-16
12,2026-02-05,-0.05011366222051056,2026-02-17
12,2026-02-06,0.5597500946202809,2026-02-18
12,2026-02-07,0.46986929831243696,2026-02-19
12,2026-02-08,0.3332371544360308,2026-02-20
12,2026-02-09,0.06935835823866586,2026-02-21
12,2026-02-10,0.41919268030304146,2026-02-22
12,2026-02-11,0.44063465133304364,2026-02-23
12,2026-02-12,0.8522707143510474,2026-02-24
13,2025-10-16,-0.9070172976607819,2025-10-29
13,2025-10-17,-0.9148038540983057,2025-10-30
13,2025-10-18,-1.2929738860868498,2025-10-31
13,2025-10-19,-1.1622686380732563,2025-11-01
13,2025-10-20,0.14145187324934588,2025-11-02
13,2025-10-21,-0.452556964581912,2025-11-03
13,2025-10-22,-0.7928962552444153,2025-11-04
13,2025-10-23,-0.6046073051968069,2025-11-05
13,2025-10-24,-1.0559800176072598,2025-11-06
13,2025-10-25,0.18959383476079936,2025-11-07
13,2025-10-26,-0.09856837858527003,2025-11-08
13,2025-10-27,0.5386981880365319,2025-11-09
13,2025-10-28,1.8694084822729724,2025-11-10
13,2025-10-29,1.0610591673360088,2025-11-11
13,2025-10-30,0.010878122074068491,2025-11-12
13,2025-10-31,0.4283685386283209,2025-11-13
13,2025-11-01,0.3207781259463548,2025-11-14
13,2025-11-02,-0.11333457686053629,2025-11-15
13,2025-11-03,-0.37361971367367053,2025-11-16
13,2025-11-04,0.6739269627490623,2025-11-17
13,2025-11-05,0.015171158426297215,2025-11-18
13,2025-11-06,-1.7989397993071576,2025-11-19
13,2025-11-07,-1.6557634468370688,2025-11-20
13,2025-11-08,-0.9837911431280414,2025-11-21
13,2025-11-09,-1.2616721978531014,2025-11-22
13,2025-11-10,-1.612494211193413,2025-11-23
13,2025-11-11,-1.1745603935535645,2025-11-24
13,2025-11-12,-0.7671716151588232,2025-11-25
13,2025-11-13,0.7634500235084298,2025-11-26
13,2025-11-14,-0.14637705500711082,2025-11-27
13,2025-11-15,0.10655803229235342,2025-11-28
13,2025-11-16,-0.22819003880576164,2025-11-29
13,2025-11-17,-0.05577410595348168,2025-11-30
13,2025-11-18,-0.07586657858652607,2025-12-01
13,2025-11-19,-1.2006015972144126,2025-12-02
13,2025-11-20,0.42247749438210697,2025-12-03
13,2025-11-21,-0.18920436369583774,2025-12-04
13,2025-11-22,0.5273500979288872,2025-12-05
13,2025-11-23,-0.33888184917725894,2025-12-06
13,2025-11-24,1.5735015599922288,2025-12-07
13,2025-11-25,1.436930218568061,2025-12-08
13,2025-11-26,0.3280956003205468,2025-12-09
13,2025-11-27,0.48716494910708136,2025-12-10
13,2025-11-28,0.025048789696651533,2025-12-11
13,2025-11-29,0.2795343047483418,2025-12-12
13,2025-11-30,-0.4964055532469059,2025-12-13
13,2025-12-01,-1.037762735992223,2025-12-14
13,2025-12-02,-0.7191931452013102,2025-12-15
13,2025-12-03,-0.4875443650732811,2025-12-16
13,2025-12-04,0.6926574352671167,2025-12-17
13,2025-12-05,0.3289896347717275,2025-12-18
13,2025-12-06,-0.13313010103425443,2025-12-19
13,2025-12-07,0.07977871671099103,2025-12-20
13,2025-12-08,-0.5042076648858927,2025-12-21
13,2025-12-09,0.09414801586192274,2025-12-22
13,2025-12-10,0.4759235376168252,2025-12-23
13,2025-12-11,0.8389405203278585,2025-12-24
13,2025-12-12,0.6878344347345041,2025-12-25
13,2025-12-13,-0.12237606031647746,2025-12-26
13,2025-12-14,-0.2860438115410665,2025-12-27
13,2025-12-15,-1.0659769188180919,2025-12-28
13,2025-12-16,-1.5138828874163561,2025-12-29
13,2025-12-17,-0.6904587677334929,2025-12-30
13,2025-12-18,-0.8825412364708513,2025-12-31
13,2025-12-19,-0.33237813737774696,2026-01-01
13,2025-12-20,-1.669369525618289,2026-01-02
13,2025-12-21,-0.9946803819749463,2026-01-03
13,2025-12-22,-0.3335710789899202,2026-01-04
13,2025-12-23,-0.3191848631244784,2026-01-05
13,2025-12-24,0.8117653710800343,2026-01-06
13,2025-12-25,0.9938852388975585,2026-01-07
13,2025-12-26,0.19865453600105612,2026-01-08
13,2025-12-27,-0.05948916372573879,2026-01-09
13,2025-12-28,-0.36670714893119577,2026-01-10
13,2025-12-29,-0.7732522013880828,2026-01-11
13,2025-12-30,-0.6617735982612514,2026-01-12
13,2025-12-31,0.5515237609662293,2026-01-13
13,2026-01-01,-0.21091946513226206,2026-01-14
13,2026-01-02,-0.6416805965227479,2026-01-15
13,2026-01-03,-0.2168225809668558,2026-01-16
13,2026-01-04,0.5206368036497775,2026-01-17
13,2026-01-05,0.050846621104627364,2026-01-18
13,2026-01-06,1.1378382248461765,2026-01-19
13,2026-01-07,-0.29961780258652754,2026-01-20
13,2026-01-08,0.8336997246031825,2026-01-21
13,2026-01-09,-0.6507045437929432,2026-01-22
13,2026-01-10,1.0170428851172082,2026-01-23
13,2026-01-11,0.23635707472146805,2026-01-24
13,2026-01-12,-0.18556066069509192,2026-01-25
13,2026-01-13,0.21021401296042896,2026-01-26
13,2026-01-14,0.48493186880127703,2026-01-27
13,2026-01-15,1.1394023848311494,2026-01-28
13,2026-01-16,-0.21599103974298925,2026-01-29
13,2026-01-17,-0.38090255693974107,2026-01-30
13,2026-01-18,-0.21144457641955428,2026-01-31
13,2026-01-19,-0.4882033792971174,2026-02-01
13,2026-01-20,0.08103062181961802,2026-02-02
13,2026-01-21,-0.4220522378567207,2026-02-03
13,2026-01-22,0.27851114628478735,2026-02-04
13,2026-01-23,0.8007127021902914,2026-02-05
13,2026-01-24,-0.05386550892003655,2026-02-06
13,2026-01-25,-0.42552921791962783,2026-02-07
13,2026-01-26,-0.699430390287122,2026-02-08
13,2026-01-27,-0.8511023625748936,2026-02-09
13,2026-01-28,-0.8205946594738613,2026-02-10
13,2026-01-29,-0.10210851793371335,2026-02-11
13,2026-01-30,-0.6503102944809259,2026-02-12
13,2026-01-31,-0.07965671888634748,2026-02-13
13,2026-02-01,-0.10319345536064599,2026-02-14
13,2026-02-02,0.17601431335392714,2026-02-15
13,2026-02-03,0.28134285005263693,2026-02-16
13,2026-02-04,0.03226489419840511,2026-02-17
13,2026-02-05,0.18102070589063182,2026-02-18
13,2026-02-06,0.5765818857622848,2026-02-19
13,2026-02-07,0.7517545088540564,2026-02-20
13,2026-02-08,0.24907650679039517,2026-02-21
13,2026-02-09,0.20983845109598231,2026-02-22
13,2026-02-10,0.27784856120940604,2026-02-23
13,2026-02-11,0.4162757082767651,2026-02-24
13,2026-02-12,1.1349953192188302,2026-02-25
14,2025-10-16,-0.973789410423331,2025-10-30
14,2025-10-17,-0.9595159153532987,2025-10-31
14,2025-10-18,-1.3741182544575696,2025-11-01
14,2025-10-19,-0.5569210209033462,2025-11-02
14,2025-10-20,0.41206219943353745,2025-11-03
14,2025-10-21,-0.1480181975290831,2025-11-04
14,2025-10-22,-0.6127220734781358,2025-11-05
14,2025-10-23,-0.24722174636235475,2025-11-06
14,2025-10-24,-0.9226595778428625,2025-11-07
14,2025-10-25,-0.02341130979774876,2025-11-08
14,2025-10-26,0.005789112326044491,2025-11-09
14,2025-10-27,0.45644431401831087,2025-11-10
14,2025-10-28,1.3859466208471503,2025-11-11
14,2025-10-29,0.9023940329123561,2025-11-12
14,2025-10-30,-0.009603777425134656,2025-11-13
14,2025-10-31,-0.22504133011641986,2025-11-14
14,2025-11-01,0.9711014187830767,2025-11-15
14,2025-11-02,-0.18966221056894045,2025-11-16
14,2025-11-03,-0.647900982125198,2025-11-17
14,2025-11-04,0.21019582944495227,2025-11-18
14,2025-11-05,-0.021078686096816623,2025-11-19
14,2025-11-06,-1.9128809759149266,2025-11-20
14,2025-11-07,-1.6244269539139047,2025-11-21
14,2025-11-08,-0.7449526149542817,2025-11-22
14,2025-11-09,-1.110455651276131,2025-11-23
14,2025-11-10,-1.2715443973748435,2025-11-24
14,2025-11-11,-1.1233012854262734,2025-11-25
14,2025-11-12,-1.006649121781318,2025-11-26
14,2025-11-13,1.0519266692428748,2025-11-27
14,2025-11-14,-0.6465457616006881,2025-11-28
14,2025-11-15,0.11316754699506083,2025-11-29
14,2025-11-16,-0.3670341451071244,2025-11-30
14,2025-11-17,-0.46186592805982774,2025-12-01
14,2025-11-18,-0.3358663107979859,2025-12-02
14,2025-11-19,-1.3190239450869685,2025-12-03
14,2025-11-20,0.9718994913491449,2025-12-04
14,2025-11-21,-0.46024568893181483,2025-12-05
14,2025-11-22,-0.15666558158095897,2025-12-06
14,2025-11-23,-0.7105616348565907,2025-12-07
14,2025-11-24,1.5343200844833562,2025-12-08
14,2025-11-25,0.9770129063538576,2025-12-09
14,2025-11-26,0.888738421529648,2025-12-10
14,2025-11-27,0.8088686096124359,2025-12-11
14,2025-11-28,0.1840467446088844,2025-12-12
14,2025-11-29,0.48155688964917365,2025-12-13
14,2025-11-30,-0.7850968662685778,2025-12-14
14,2025-12-01,-1.135924388754303,2025-12-15
14,2025-12-02,-0.8875721841074214,2025-12-16
14,2025-12-03,-0.4819321786411889,2025-12-17
14,2025-12-04,1.0699192424736246,2025-12-18
14,2025-12-05,0.4164591255120049,2025-12-19
14,2025-12-06,-0.002008707838334051,2025-12-20
14,2025-12-07,0.05304533214381876,2025-12-21
14,2025-12-08,-0.5468598068021882,2025-12-22
14,2025-12-09,0.34297356980018107,2025-12-23
14,2025-12-10,0.2640028081661921,2025-12-24
14,2025-12-11,0.551854996765596,2025-12-25
14,2025-12-12,0.37433670043008965,2025-12-26
14,2025-12-13,-0.5133930021915042,2025-12-27
14,2025-12-14,-0.2322247697195936,2025-12-28
14,2025-12-15,-1.2946564277082573,2025-12-29
14,2025-12-16,-1.0704788787857804,2025-12-30
14,2025-12-17,-0.06499088199717802,2025-12-31
14,2025-12-18,-1.0347253836973351,2026-01-01
14,2025-12-19,-0.32581452434817226,2026-01-02
14,2025-12-20,-1.530527386830289,2026-01-03
14,2025-12-21,-0.5983506960362265,2026-01-04
14,2025-12-22,-0.16786606141568663,2026-01-05
14,2025-12-23,-0.09152779811956972,2026-01-06
14,2025-12-24,0.7329945308322418,2026-01-07
14,2025-12-25,1.142946766601016,2026-01-08
14,2025-12-26,0.19260035251234017,2026-01-09
14,2025-12-27,0.052140428086801166,2026-01-10
14,2025-12-28,-0.6815159833916733,2026-01-11
14,2025-12-29,-0.42254700746466956,2026-01-12
14,2025-12-30,-0.4981619488411073,2026-01-13
14,2025-12-31,0.4901786345976629,2026-01-14
14,2026-01-01,0.15090895597247686,2026-01-15
14,2026-01-02,-0.4771153903577997,2026-01-16
14,2026-01-03,-0.2061623151439316,2026-01-17
14,2026-01-04,0.4171253134717638,2026-01-18
14,2026-01-05,0.037461944177871756,2026-01-19
14,2026-01-06,0.49703805438522064,2026-01-20
14,2026-01-07,-0.28434497490647176,2026-01-21
14,2026-01-08,0.8227710826582074,2026-01-22
14,2026-01-09,-0.5183790698046138,2026-01-23
14,2026-01-10,1.034887298567573,2026-01-24
14,2026-01-11,0.1685885547687905,2026-01-25
14,2026-01-12,-0.09365289059707525,2026-01-26
14,2026-01-13,0.04218372136210731,2026-01-27
14,2026-01-14,0.7023059972849252,2026-01-28
14,2026-01-15,0.9579368342034993,2026-01-29
14,2026-01-16,-0.43212067641338353,2026-01-30
14,2026-01-17,-0.6292229343565473,2026-01-31
14,2026-01-18,-0.16256203334537014,2026-02-01
14,2026-01-19,-0.4036500279119649,2026-02-02
14,2026-01-20,0.165933721972274,2026-02-03
14,2026-01-21,-0.7597050349619617,2026-02-04
14,2026-01-22,0.2639375322186551,2026-02-05
14,2026-01-23,0.7168084053986503,2026-02-06
14,2026-01-24,-0.07909640461266397,2026-02-07
14,2026-01-25,-0.6705818411473214,2026-02-08
14,2026-01-26,-0.6423582344249255,2026-02-09
14,2026-01-27,-0.5537165484245355,2026-02-10
14,2026-01-28,-1.2661404110481964,2026-02-11
14,2026-01-29,-0.10508268476596236,2026-02-12
14,2026-01-30,-0.29840507491909185,2026-02-13
14,2026-01-31,0.42254301968836394,2026-02-14
14,2026-02-01,-0.0798443140711526,2026-02-15
14,2026-02-02,0.2564370690286723,2026-02-16
14,2026-02-03,0.36024649566593436,2026-02-17
14,2026-02-04,0.20884970402129896,2026-02-18
14,2026-02-05,0.37039308558780204,2026-02-19
14,2026-02-06,0.3601419996143723,2026-02-20
14,2026-02-07,0.5825351226399202,2026-02-21
14,2026-02-08,0.29496773201561544,2026-02-22
14,2026-02-09,0.2994828696374242,2026-02-23
14,2026-02-10,-0.11730072815859523,2026-02-24
14,2026-02-11,0.44467936713597034,2026-02-25
14,2026-02-12,1.0449646648652378,2026-02-26
15,2025-10-16,-1.155244923218262,2025-10-31
15,2025-10-17,-1.2506112030941667,2025-11-01
15,2025-10-18,-1.2741080874050579,2025-11-02
15,2025-10-19,-0.10619825022631213,2025-11-03
15,2025-10-20,0.6673713457247543,2025-11-04
15,2025-10-21,-0.3826030878988827,2025-11-05
15,2025-10-22,0.573897210866501,2025-11-06
15,2025-10-23,-0.40149019986520007,2025-11-07
15,2025-10-24,-1.1401104479990838,2025-11-08
15,2025-10-25,0.04349600567223575,2025-11-09
15,2025-10-26,0.006769375528467145,2025-11-10
15,2025-10-27,0.4821606006040855,2025-11-11
15,2025-10-28,0.7731171861343317,2025-11-12
15,2025-10-29,0.7954062085567299,2025-11-13
15,2025-10-30,-0.23756570408893854,2025-11-14
15,2025-10-31,-0.572068445961505,2025-11-15
15,2025-11-01,0.7595283001252581,2025-11-16
15,2025-11-02,-0.2701628652261336,2025-11-17
15,2025-11-03,-0.3787367151688596,2025-11-18
15,2025-11-04,0.35732278776234677,2025-11-19
15,2025-11-05,0.10338208367469466,2025-11-20
15,2025-11-06,-1.6476647116877043,2025-11-21
15,2025-11-07,-1.1666696996616344,2025-11-22
15,2025-11-08,-0.23999895963925635,2025-11-23
15,2025-11-09,-0.9795425989578186,2025-11-24
15,2025-11-10,-0.8196722571770972,2025-11-25
15,2025-11-11,-1.0758085655416034,2025-11-26
15,2025-11-12,-1.1175882326821653,2025-11-27
15,2025-11-13,0.9169846808917046,2025-11-28
15,2025-11-14,-1.1086683857048407,2025-11-29
15,2025-11-15,0.2825329074406148,2025-11-30
15,2025-11-16,-0.7949350591534735,2025-12-01
15,2025-11-17,0.06744751196710357,2025-12-02
15,2025-11-18,-0.58393990394803,2025-12-03
15,2025-11-19,-0.9966145545020446,2025-12-04
15,2025-11-20,0.9988990594751829,2025-12-05
15,2025-11-21,-0.36316823026412426,2025-12-06
15,2025-11-22,-0.09748193458702982,2025-12-07
15,2025-11-23,-1.0865631156878828,2025-12-08
15,2025-11-24,1.0431908812165784,2025-12-09
15,2025-11-25,0.6661015186866889,2025-12-10
15,2025-11-26,0.7759623073411258,2025-12-11
15,2025-11-27,0.42443670280142914,2025-12-12
15,2025-11-28,0.341730028285616,2025-12-13
15,2025-11-29,0.44970438297217585,2025-12-14
15,2025-11-30,-0.85352428607472,2025-12-15
15,2025-12-01,-1.2667088125157382,2025-12-16
15,2025-12-02,-1.0057170457697118,2025-12-17
15,2025-12-03,-0.10441806012550159,2025-12-18
15,2025-12-04,1.2332259494211941,2025-12-19
15,2025-12-05,0.4828369275624224,2025-12-20
15,2025-12-06,0.2654745967104317,2025-12-21
15,2025-12-07,0.2109378592861538,2025-12-22
15,2025-12-08,-0.3536676574409204,2025-12-23
15,2025-12-09,0.31436917264966324,2025-12-24
15,2025-12-10,-0.4131807769774708,2025-12-25
15,2025-12-11,0.049297777241261546,2025-12-26
15,2025-12-12,0.09431581905583929,2025-12-27
15,2025-12-13,-0.34452240355092395,2025-12-28
15,2025-12-14,0.2190172237006655,2025-12-29
15,2025-12-15,-1.003846008051965,2025-12-30
15,2025-12-16,-0.5906515159361486,2025-12-31
15,2025-12-17,0.7400946126693123,2026-01-01
15,2025-12-18,-1.3102242832133077,2026-01-02
15,2025-12-19,-0.7756813224244703,2026-01-03
15,2025-12-20,-1.4351436646061038,2026-01-04
15,2025-12-21,-0.18973536636014726,2026-01-05
15,2025-12-22,0.23453659131807042,2026-01-06
15,2025-12-23,0.33099486001646383,2026-01-07
15,2025-12-24,0.32792235697409716,2026-01-08
15,2025-12-25,0.8331073374929051,2026-01-09
15,2025-12-26,-0.4403859368067947,2026-01-10
15,2025-12-27,0.35209813107304555,2026-01-11
15,2025-12-28,-0.47401990792317267,2026-01-12
15,2025-12-29,-0.014817403882791664,2026-01-13
15,2025-12-30,-0.5171299066751559,2026-01-14
15,2025-12-31,0.2636871832226141,2026-01-15
15,2026-01-01,0.4399702584908183,2026-01-16
15,2026-01-02,-0.3645368624861475,2026-01-17
15,2026-01-03,-0.14839152221801347,2026-01-18
15,2026-01-04,0.1966205627174842,2026-01-19
15,2026-01-05,0.02765347168314418,2026-01-20
15,2026-01-06,0.5706608702039968,2026-01-21
15,2026-01-07,-0.17887380818439408,2026-01-22
15,2026-01-08,0.6860396183798098,2026-01-23
15,2026-01-09,-0.23052366433375682,2026-01-24
15,2026-01-10,0.7927864742579414,2026-01-25
15,2026-01-11,-0.01436391639943719,2026-01-26
15,2026-01-12,0.044020664879458785,2026-01-27
15,2026-01-13,0.03118757619656476,2026-01-28
15,2026-01-14,1.3382332298748352,2026-01-29
15,2026-01-15,0.7548810916516608,2026-01-30
15,2026-01-16,-0.37298976746315066,2026-01-31
15,2026-01-17,-0.9379381443394204,2026-02-01
15,2026-01-18,0.09525630828626264,2026-02-02
15,2026-01-19,-0.5781498327499317,2026-02-03
15,2026-01-20,0.4152824156017861,2026-02-04
15,2026-01-21,-0.9387606897368521,2026-02-05
15,2026-01-22,-0.09514576443583726,2026-02-06
15,2026-01-23,0.48662511982995116,2026-02-07
15,2026-01-24,-0.1815784123938831,2026-02-08
15,2026-01-25,-0.8079630454754049,2026-02-09
15,2026-01-26,-0.4554676096985822,2026-02-10
15,2026-01-27,-0.2850928740880424,2026-02-11
15,2026-01-28,-1.5443156952587331,2026-02-12
15,2026-01-29,0.11602688469866507,2026-02-13
15,2026-01-30,0.06192488893699719,2026-02-14
15,2026-01-31,0.7773683237864979,2026-02-15
15,2026-02-01,-0.1209922543452924,2026-02-16
15,2026-02-02,0.1849670969327315,2026-02-17
15,2026-02-03,0.13729089570357728,2026-02-18
15,2026-02-04,0.1480022331584543,2026-02-19
15,2026-02-05,0.2530872465884208,2026-02-20
15,2026-02-06,0.17012019326260933,2026-02-21
15,2026-02-07,0.6490832681723993,2026-02-22
15,2026-02-08,0.7629044597554574,2026-02-23
15,2026-02-09,0.31558383585743466,2026-02-24
15,2026-02-10,-0.5646946762452897,2026-02-25
15,2026-02-11,0.5532624698235842,2026-02-26
15,2026-02-12,1.007873511871831,2026-02-27
